caesar,3037129,754,1
yates,934203,342,1
recur,2098996,327,1
froze,1969867,735,1
bacon,5208312,829,1
robin,2352613,953,1
taxes,42120624,853,1
pearls,1611775,421,1
favor,62475524,791,1
elbow,3199232,477,1
tweaks,71576,55,1
tempo,1965872,355,1
ended,34712371,1798,1
arena,4545157,565,1
gorge,2219987,273,1
apron,1959351,364,1
merry,2655289,543,1
appear,185714534,2249,1
voice,57329497,1428,1
deter,1932858,325,1
lasts,2621637,836,1
price,131744416,1733,1
meanings,8303130,523,1
event,61698193,1282,1
ferns,1105992,299,1
water,236491216,2386,1
oceans,2315917,310,1
remit,2655837,203,1
guest,7254289,866,1
seaman,1601920,400,1
coils,4941370,614,1
suite,6208296,657,1
milking,1181006,371,1
maids,1467488,289,1
sibling,858723,249,1
singers,2386957,463,1
decay,11871832,820,1
comic,1289727,682,1
utopia,1134756,250,1
packs,2380875,665,1
green,41494107,2075,1
clair,751451,191,1
pedro,955084,475,1
scaling,3185195,547,1
carry,58963795,1701,1
headings,3821196,408,1
pruning,1918941,373,1
hydro,1111648,442,1
rally,3087158,439,1
idiots,411331,200,1
socks,1549116,355,1
aches,445055,193,1
framing,4154131,635,1
rates,121284965,1418,1
undue,1328413,356,1
jelly,1571602,386,1
banks,59546272,1384,1
shows,122821567,2406,1
tense,3068403,530,1
cloths,2148787,423,1
drift,7161617,964,1
spoon,2452440,395,1
sense,193399268,1340,1
movie,4787790,961,1
dried,12628397,1148,1
shots,5445234,758,1
forum,7240586,633,1
bliss,2898752,576,1
lends,1791243,915,1
psalm,1773057,314,1
match,17181636,1232,1
legit,32419,60,1
modes,23797450,953,1
loads,13811956,966,1
priming,750141,254,1
dialed,600836,187,1
enemy,22021034,875,1
fatty,1813510,446,1
turns,22927106,2067,1
phone,11482997,1088,1
based,369686397,2322,1
levying,1470827,148,1
alley,4028889,509,1
check,49233018,1580,1
closing,21007253,1312,1
feather,2306009,591,1
hicks,1151688,394,1
breaths,1040278,209,1
slips,3468771,1000,1
dealer,11368165,727,1
maxim,2357743,339,1
cited,49696135,1152,1
devon,865172,407,1
winning,10789056,910,1
oblong,4109771,374,1
hated,6875175,685,1
warms,1082538,288,1
giver,1645067,177,1
ogden,709484,370,1
landing,13184716,1122,1
slate,4110407,711,1
reacting,2749881,411,1
euler,224031,185,1
stays,4464944,1195,1
unease,394904,128,1
aptly,502420,409,1
grasp,12765196,565,1
moors,1082218,256,1
wrist,2569084,413,1
shine,4736738,786,1
pills,1752285,403,1
major,20230185,1834,1
chair,26408752,1051,1
tangle,1851181,323,1
drama,14289603,882,1
maker,11367018,630,1
xxiii,1159041,205,1
yawns,118317,144,1
urged,19170838,1188,1
mingled,1713930,894,1
yarns,1401061,367,1
upset,7880951,732,1
paler,1216279,268,1
drops,14471041,1513,1
shook,11163605,1404,1
windy,278722,205,1
adopt,19502539,597,1
cries,6479304,914,1
slash,928377,377,1
touch,35310934,1402,1
steve,1751337,1043,1
pagan,785596,459,1
holly,1538306,693,1
paced,1696242,528,1
totem,325170,186,1
serve,102179618,1629,1
wronging,60918,39,1
simon,5249350,1226,1
rents,6997702,615,1
dreaming,3791323,546,1
tools,27728506,1326,1
ensuing,417181,221,1
faced,18487732,1453,1
doyle,1178972,425,1
whole,99181902,1654,1
lined,9510332,1152,1
ruler,7967689,469,1
reaped,923771,250,1
store,30268750,1413,1
colon,2358385,352,1
horse,26232658,1474,1
toxic,3629524,617,1
roles,18889360,737,1
blade,8635108,787,1
yearns,241841,126,1
aside,34131394,1767,1
atrial,710830,214,1
blair,1860645,606,1
wrongs,2207349,236,1
wards,4637522,495,1
colin,979239,667,1
ample,2853725,745,1
niece,2131549,218,1
curls,1920936,407,1
scary,692527,187,1
stood,73198141,2134,1
dates,19756691,1544,1
scoring,2144622,625,1
fibre,5393279,584,1
unset,30409,52,1
lists,28759966,1281,1
sucking,2716284,634,1
lacks,6093619,1142,1
spelt,479718,217,1
denial,20468910,611,1
lilac,439712,238,1
scott,9783934,1290,1
manor,5407393,390,1
cable,11440690,1233,1
allen,10243487,1113,1
small,57138131,2435,1
shirt,7482313,547,1
joining,13684179,1207,1
rogue,600120,309,1
ravings,219689,58,1
farms,20048266,925,1
threads,5972081,708,1
creed,5329408,426,1
skirt,3489091,468,1
thanking,1602525,389,1
lived,65183106,1562,1
dixon,2046804,550,1
echoing,1893764,614,1
privy,1744153,254,1
pence,1675461,216,1
zenith,1315839,197,1
locking,3492182,629,1
feint,237672,77,1
gazed,4774444,754,1
again,235205597,2748,1
burning,16522623,1415,1
clans,1219276,263,1
glass,50268017,1624,1
betting,1554482,320,1
looming,702723,448,1
cigar,1667559,497,1
eject,504402,107,1
thomas,21909255,1852,1
valid,10634435,628,1
flats,3955726,566,1
logging,2978273,634,1
dogma,1856577,279,1
ceded,2974705,224,1
renal,3126384,454,1
skies,2127757,378,1
grief,6052282,707,1
fritz,565305,492,1
liaising,9626,27,1
class,179875885,1978,1
thrust,11805614,1455,1
hikes,697788,175,1
paces,1604426,203,1
seething,263089,223,1
while,563157075,2775,1
springs,15453113,1399,1
harms,750471,306,1
intra,978605,573,1
merit,15229777,752,1
robbing,1230085,318,1
cynthia,562979,584,1
picks,4856383,926,1
genre,3966149,508,1
pulling,11454155,1471,1
omaha,1026305,403,1
stern,3264057,796,1
acres,44606395,610,1
chick,885114,489,1
wakes,2120338,513,1
stake,7752280,488,1
leather,8509329,1064,1
views,59775980,1344,1
wedge,2690220,618,1
crypt,565947,143,1
human,27331684,2071,1
snowy,209325,274,1
cabal,214545,100,1
datum,2370564,221,1
hexed,8128,21,1
fumes,2495969,292,1
oxide,10206223,388,1
vines,2995029,507,1
speaks,24920802,1388,1
selling,19522954,1219,1
tiles,3236152,551,1
pratt,1447866,500,1
ovary,1737510,195,1
added,121127887,2204,1
peril,3820073,281,1
nathan,1615857,840,1
saved,19033411,1476,1
smell,17032899,755,1
lotus,887062,379,1
savior,1101329,138,1
peter,15142030,1832,1
drawn,58064323,1622,1
virus,8234968,608,1
olden,57298,88,1
debug,161318,101,1
yield,47813836,1453,1
usual,11342018,561,1
seeming,4899769,940,1
crest,6782267,531,1
votes,16246952,630,1
monroe,3392939,684,1
tends,41151376,1873,1
edgar,1442441,777,1
white,62913289,2438,1
carol,1624502,867,1
wanes,158582,142,1
leanings,300721,103,1
entry,38065766,1295,1
kirby,719566,369,1
honey,6345428,1208,1
sexes,2458782,109,1
shove,974028,201,1
cooke,1372393,383,1
tidal,992151,513,1
arguing,2958459,1034,1
ruled,14725741,993,1
fills,7375857,1287,1
thinly,734911,472,1
plant,91547023,1960,1
trading,15492513,1237,1
group,240182267,2277,1
model,112603136,2027,1
earthly,803133,423,1
bluff,2124569,389,1
barry,2203070,859,1
ghana,1434272,301,1
aware,67548970,910,1
healthy,5378622,900,1
sided,2535894,332,1
nearby,5138070,1346,1
canon,5549232,636,1
lasting,2964171,908,1
tampa,459965,273,1
crush,4287927,488,1
mules,1480943,406,1
piper,910443,430,1
binding,21496938,1088,1
coder,168309,95,1
twice,41607391,2247,1
outer,3391000,947,1
awoke,2778871,747,1
sadly,3058984,816,1
point,372999156,2311,1
gleaming,1053279,605,1
slows,1105696,482,1
deathly,43850,116,1
trash,1868622,614,1
plaza,1973678,440,1
hungry,3838609,728,1
ethnic,4364061,868,1
swell,4380029,710,1
ripen,935694,186,1
soaring,811374,490,1
thanks,40473192,1638,1
luther,5705903,807,1
winding,9789554,903,1
asset,8567010,633,1
impinging,674506,227,1
coating,8816239,672,1
singled,246090,327,1
alloy,5023511,486,1
racks,1683144,508,1
studio,5357670,834,1
viewing,6977523,806,1
posts,13140122,941,1
cases,210441341,1878,1
solar,2940010,891,1
leaching,1819404,263,1
stealing,3406221,729,1
shame,8341739,616,1
isles,2241219,208,1
spark,4219509,619,1
danger,48937229,802,1
stars,17291540,1095,1
costing,3098946,809,1
discs,2570154,579,1
walking,21208865,1684,1
tails,2544626,515,1
pathos,1660283,300,1
risen,7439661,296,1
billing,1476500,401,1
though,326050128,2750,1
keeping,41309323,1958,1
cuban,682915,582,1
ceased,21999331,1607,1
looms,1814871,572,1
seven,28003541,1931,1
damping,2329945,314,1
footing,6285990,328,1
smearing,394747,196,1
pupil,9555449,594,1
witch,2192451,485,1
dolls,1319335,465,1
streak,3273921,447,1
rooms,30771415,1040,1
cared,3834512,677,1
carving,2325970,512,1
judith,1143444,720,1
thirty,30442679,1878,1
dante,1830254,649,1
hours,123925535,1264,1
ratings,6514330,671,1
crust,4983103,413,1
grease,2514769,593,1
value,361282494,1739,1
folds,5912638,709,1
jokes,2181278,582,1
stein,1173491,451,1
jason,1403285,912,1
owens,962417,410,1
chose,20014644,1207,1
bales,3940637,380,1
arabia,16523504,209,1
faint,3002580,679,1
blink,1121443,174,1
realty,2668023,560,1
hashing,109083,75,1
meagre,504517,167,1
avery,716619,510,1
flood,12638230,1137,1
gloom,2569448,398,1
engine,25748328,1261,1
rider,2463814,540,1
drunk,6678420,692,1
dodging,650142,335,1
tombs,3231413,351,1
toast,2562141,353,1
mason,5857931,914,1
kneel,1143676,243,1
aimed,31877194,1269,1
erect,7222141,728,1
ducts,2218210,332,1
themes,9289213,775,1
throat,5967999,555,1
fetus,2221372,151,1
tolls,2348249,305,1
learning,50998875,1513,1
share,100553861,1666,1
vices,2483523,298,1
gmail,21343,34,1
cloud,13396198,1011,1
limbs,6886448,664,1
tumor,8294382,555,1
hanged,1961643,261,1
sleaze,20127,38,1
nulls,89070,69,1
sheds,2306442,740,1
liner,1590289,452,1
mouse,4520143,770,1
brute,808635,349,1
files,16063922,1058,1
unity,24945949,788,1
tasks,16566759,887,1
gould,1620865,450,1
owned,58290152,1343,1
lapsing,150547,112,1
author,74730220,1341,1
doors,19995198,864,1
trout,5526126,620,1
juice,18453203,555,1
rhyme,1808411,427,1
moist,2065987,635,1
cysts,1758043,235,1
omits,1713480,350,1
gases,11059542,529,1
solve,17260992,422,1
verse,13956463,734,1
nearer,15143460,1205,1
fours,273612,93,1
rocks,25289522,1204,1
blank,6602085,907,1
beijing,1985287,448,1
sewer,4514133,570,1
truer,460883,170,1
quine,128367,127,1
unsung,53805,77,1
cursing,1369774,566,1
shelf,5234191,681,1
tulsa,530119,278,1
vowel,2909827,298,1
urban,10073797,1373,1
quick,11965387,1482,1
forms,145780436,2266,1
mains,3679524,337,1
drill,6099206,959,1
radar,3431463,648,1
chess,1452509,476,1
toxin,1485690,213,1
joked,344163,307,1
nursing,6642426,1036,1
trent,1164280,400,1
crane,3703742,833,1
gagging,163587,108,1
route,28535786,1257,1
black,51508433,2405,1
league,26551334,722,1
tending,13523630,1064,1
halting,1123806,369,1
wound,16210506,1311,1
touring,1438566,433,1
george,27052831,2036,1
clubs,10475313,887,1
headed,23403877,1378,1
lucky,4843343,449,1
mould,3679410,691,1
pairing,1288404,309,1
sorting,2398771,669,1
theater,9059001,920,1
expel,1485005,174,1
blaming,1347024,303,1
nepal,1261420,271,1
header,1296123,365,1
pause,7126996,666,1
sixty,10644906,1262,1
towel,2415287,283,1
donor,3586525,541,1
guide,52628180,1491,1
piles,6851522,785,1
coercing,206682,66,1
flush,3542146,782,1
sloping,1193338,482,1
comes,91312678,2461,1
knife,10435929,802,1
valuing,966045,223,1
zambia,807381,219,1
wires,7796178,758,1
nodes,12225151,666,1
boyle,1120700,373,1
baked,2459257,565,1
asked,132559752,1857,1
timed,1374056,341,1
grand,5497310,1479,1
today,89981514,2546,1
medial,974709,365,1
lever,6390986,636,1
bills,31408732,1087,1
slicing,653378,376,1
gauge,7100256,614,1
royal,7444355,1427,1
unite,7540697,723,1
wanting,21698756,1253,1
nasty,781821,310,1
heaped,1552747,486,1
print,17600616,1099,1
theorem,7868288,393,1
moral,9770458,1184,1
items,43999324,1374,1
never,142708642,2582,1
burns,6864630,1173,1
camping,1921159,553,1
aired,1094456,188,1
plunging,934961,524,1
siege,8994534,345,1
daisy,960532,620,1
moaning,755563,366,1
adult,8393099,1242,1
penal,1951898,381,1
pitch,9821201,1022,1
noses,1263499,296,1
weaker,2092480,453,1
worse,14372499,1029,1
prime,4847750,1008,1
weird,1284497,355,1
rouge,12294168,204,1
learns,4770828,637,1
allah,1676668,299,1
night,88694508,1780,1
exact,3359539,692,1
aided,14510524,1121,1
bother,4979998,261,1
swims,443885,241,1
natal,926772,242,1
flock,6636960,539,1
methyl,814260,322,1
whoso,139739,153,1
chasm,741879,186,1
lilly,474258,378,1
helping,19248050,1380,1
reopen,1574850,105,1
doses,20931634,413,1
liter,1741793,141,1
rated,8349799,755,1
armed,6324643,1352,1
ideals,9266669,566,1
cubed,66434,77,1
causing,20643048,1924,1
swiss,1353577,729,1
erode,853618,170,1
burnt,5442411,932,1
miser,220153,114,1
mixer,1622146,346,1
taken,264473829,2112,1
welsh,1695234,687,1
greet,2693192,323,1
brown,44989267,1931,1
susan,2343532,1126,1
pairs,20800472,948,1
violin,1735519,361,1
dirty,2785572,941,1
color,48951973,1589,1
forks,4756932,391,1
plato,3403229,611,1
aeneid,206095,48,1
blast,5248555,783,1
notch,2427643,342,1
singsong,36206,78,1
nixon,2368415,651,1
slurs,290628,115,1
volts,1910095,128,1
gibbs,1035541,384,1
stiff,3390671,841,1
bombs,2794862,516,1
synch,33552,38,1
fencing,1624503,521,1
typed,2527708,422,1
thrill,3304087,388,1
roofs,4029023,510,1
chart,12722979,914,1
evils,6892492,334,1
guess,15370173,406,1
align,1372455,308,1
soils,16769103,766,1
huron,721448,233,1
stick,17038795,1206,1
cruel,3366237,530,1
atoning,24878,58,1
flange,2863783,371,1
grate,1514425,363,1
pixel,1405335,277,1
engaging,14306354,844,1
denying,10053268,604,1
cycling,2034915,439,1
slowing,2330474,482,1
bytes,1164750,152,1
lanes,2960640,418,1
opted,1693276,363,1
thrive,3251100,352,1
anything,73077517,1967,1
engage,34393550,781,1
etching,2152341,359,1
showing,75935601,2329,1
debts,11267152,504,1
books,96883817,1864,1
below,163971578,2383,1
reared,4910279,617,1
jenny,1160502,785,1
brine,1427612,391,1
harding,1375704,412,1
spake,2143101,295,1
front,104491194,1664,1
months,99579228,1029,1
belle,1145797,622,1
seeding,2283131,328,1
funny,4009222,449,1
halving,327772,77,1
signs,47951173,1444,1
traps,3211168,712,1
faiths,667087,154,1
petit,268745,265,1
nation,44562133,1031,1
boxed,858781,327,1
alone,99466132,2533,1
wales,6881163,504,1
waits,1682041,688,1
sigma,1297962,250,1
georgia,7505458,957,1
quest,5222783,450,1
sleuth,88436,93,1
wider,3209250,857,1
opens,15343428,1578,1
ailed,138696,45,1
force,169904295,1738,1
knock,6462399,580,1
quinn,1050356,545,1
killing,13419996,1234,1
praying,5470813,1071,1
prima,585334,430,1
brake,4357487,715,1
shining,5195561,931,1
ernst,534131,402,1
ester,2284961,217,1
faces,22917880,1660,1
chaos,5456009,641,1
finds,25824640,1857,1
arising,13315666,1323,1
pages,33963335,1148,1
reefs,3896421,277,1
wares,5036810,369,1
niger,1065754,183,1
dancing,8533045,1279,1
batch,5269987,525,1
banged,965095,373,1
beacon,1783313,426,1
poked,819975,528,1
unearth,197578,51,1
hasty,821809,275,1
rotor,2185335,368,1
daily,28184630,2116,1
dawns,425362,149,1
fiery,461211,429,1
japan,32113283,1260,1
miles,83035795,1300,1
debit,1163825,217,1
steals,767627,387,1
malta,1234578,297,1
heroes,5915319,694,1
peeking,221995,253,1
graph,9461459,595,1
minor,9099686,1253,1
darling,3401964,799,1
hearty,1091014,304,1
broad,11726199,1432,1
train,29912500,1333,1
grind,2191346,425,1
camel,1067455,430,1
enter,59116440,1635,1
waked,626750,161,1
apart,28993278,1980,1
probe,5097606,705,1
yards,25443417,674,1
civil,14323469,1476,1
stems,7090844,1204,1
spain,13026287,934,1
reusing,127792,57,1
repeal,12954975,299,1
raced,1792103,700,1
knowing,24491081,2010,1
melting,6114808,827,1
groom,1307544,292,1
hello,1470142,265,1
might,343027231,2675,1
hurting,1573676,303,1
grange,1814568,314,1
scotia,1343389,108,1
milan,1763741,410,1
byron,1867759,726,1
bases,14996132,1114,1
elliot,1146546,479,1
guild,3458351,418,1
radii,2111496,304,1
equal,115691989,1827,1
cents,21364144,263,1
would,1225459981,2790,1
treating,11040044,881,1
grading,4682082,664,1
nadir,423674,118,1
crack,7823195,892,1
vision,35139929,1116,1
picking,12502694,1275,1
casts,3040267,905,1
cynic,161872,113,1
freeing,2158343,481,1
venus,2596534,622,1
aisle,1973257,264,1
vague,3334516,547,1
onset,16316896,372,1
basin,28885296,737,1
drive,41052162,1824,1
holes,20329061,999,1
upper,7502020,1525,1
sunny,666586,455,1
spice,1286553,370,1
haiti,1253350,281,1
lakhs,1852643,71,1
bunch,9842959,574,1
gasping,684662,438,1
terms,232933505,1501,1
ankle,1548931,379,1
river,89491071,1565,1
blush,2854314,388,1
silly,2465768,480,1
aloft,2350797,654,1
heaved,1037653,495,1
reign,24143456,470,1
thriving,812031,281,1
cleft,1695621,376,1
carey,1539324,472,1
idols,1534450,325,1
ingrain,21817,39,1
trust,68826057,1449,1
trans,6361043,1321,1
listing,12169173,741,1
karma,742672,190,1
apply,122962302,1420,1
vivid,1574366,503,1
ralph,2451454,1111,1
reply,31874774,809,1
allan,2287386,658,1
tight,8752782,1139,1
wight,707693,198,1
feasts,1305437,295,1
flint,1997515,713,1
reuse,2505078,236,1
editing,4548140,555,1
abbey,4053725,339,1
naked,6215580,1108,1
rapid,6581800,1166,1
dairy,3944795,930,1
digit,2154473,252,1
staying,8993898,925,1
looks,32178053,2085,1
raids,2916370,346,1
folding,3621184,819,1
track,29177036,1335,1
groan,1174029,323,1
count,37715115,1560,1
thinking,53214750,2022,1
whale,2735288,479,1
thames,3076480,328,1
joint,19527659,1624,1
changing,27402763,1594,1
vikings,277068,119,1
auras,65811,65,1
piecing,135248,97,1
latin,7491021,1143,1
duels,232825,151,1
ruins,9447977,540,1
readying,165201,118,1
downs,2853395,393,1
housing,24797976,1355,1
swift,3565910,1025,1
makes,139955878,2537,1
spend,20796069,874,1
twigs,2025808,382,1
began,189494803,2461,1
byway,121893,67,1
mamma,1040850,393,1
fence,6809078,756,1
costa,1301651,575,1
skips,321384,235,1
treaty,34518810,620,1
covet,425213,91,1
sheet,31198808,1262,1
award,31282301,1148,1
gains,14149875,1186,1
lengths,13816196,760,1
fakes,96487,96,1
scene,43442828,1245,1
plots,9882295,913,1
clothing,11466116,1201,1
shyly,506843,247,1
perry,2939947,820,1
veins,8245681,568,1
grape,1512940,564,1
pitying,238617,150,1
deeming,823460,255,1
tracing,5451090,737,1
adept,2199868,148,1
dryly,296656,226,1
shalt,1858224,352,1
repay,4532318,208,1
tones,6909083,725,1
hurts,2057220,474,1
falling,17064810,1827,1
inner,5037769,1239,1
humor,5094160,669,1
venue,2813468,396,1
fringes,2221469,340,1
caves,2758352,484,1
weapon,10160428,689,1
title,112655836,1308,1
slabs,3398399,515,1
echoed,5024439,1000,1
barge,2369282,488,1
guinea,3151018,443,1
thinks,20067017,1233,1
stoop,1527275,258,1
marry,10228738,467,1
cubic,913790,354,1
omens,368918,156,1
raining,799555,218,1
mercy,11683044,571,1
voter,2616997,424,1
fetch,3303385,344,1
facts,56287121,1109,1
abyss,1518019,191,1
knows,31073956,1607,1
excel,2653023,474,1
guile,320218,133,1
flask,2619160,279,1
runes,202794,135,1
goose,2166563,503,1
growing,38158914,1830,1
lambs,2311312,371,1
ranges,14276527,1454,1
genus,6500865,333,1
liber,197920,147,1
modal,564558,350,1
thorax,1291664,185,1
limit,67852254,1269,1
moody,908441,482,1
women,127648413,2173,1
annex,3013121,387,1
floyd,891194,546,1
races,10816667,816,1
built,106288058,1996,1
vigor,3407747,381,1
bengal,2522763,344,1
elmer,589509,462,1
queue,1804361,358,1
sides,53585398,1059,1
avert,1841041,117,1
beaten,6541605,599,1
bitch,1395729,383,1
brief,13264833,869,1
biases,1666329,334,1
gamma,1579613,468,1
emery,828450,440,1
tanks,10559342,851,1
crazy,2907004,637,1
breach,29161982,454,1
glaring,1745404,450,1
spare,6770070,754,1
crime,25270223,1030,1
hands,120765380,1700,1
funds,70402983,1031,1
libel,2219687,278,1
zeros,1320523,179,1
casting,7403500,1217,1
marking,9923975,1283,1
faded,3401239,1023,1
belts,3995070,669,1
newer,403841,331,1
scale,103391618,1455,1
jumping,4226004,938,1
input,18612057,1024,1
orbit,5757676,467,1
kicking,2442082,742,1
felix,1312567,654,1
norms,9750008,595,1
lesion,5983758,336,1
codex,432668,141,1
swept,7587735,1386,1
slide,8062666,1234,1
begun,35789936,988,1
shift,35833722,1217,1
grain,23576041,1433,1
quits,543946,240,1
helps,23110076,1916,1
pines,2373784,443,1
tyler,1700125,690,1
lopez,764263,355,1
seamen,2563033,415,1
atone,298337,182,1
sales,64650063,1711,1
indian,11809681,1817,1
plugs,2621277,494,1
foods,12274150,907,1
josiah,617616,438,1
isaac,2377419,905,1
lethal,1025153,354,1
penny,3875784,699,1
menus,990549,392,1
tidying,482772,112,1
resting,13241631,1432,1
dress,20525143,1153,1
cakes,2809238,510,1
twins,1749030,505,1
pumping,4339658,786,1
lobes,3600149,273,1
token,5926745,485,1
build,37086538,1320,1
sized,4030151,585,1
chile,2849554,525,1
brass,5846435,1041,1
chant,1688099,420,1
hairs,7730812,443,1
wasting,2037644,469,1
loathing,552998,162,1
amply,657317,546,1
shade,12508495,847,1
working,111090922,2326,1
chalk,3085411,560,1
uniting,2758694,575,1
korean,1078892,661,1
posting,3394481,450,1
utter,2347303,485,1
grows,14171339,1606,1
evading,906405,159,1
nesting,1535422,443,1
crews,3965793,651,1
staff,64933321,1572,1
kyoto,527518,192,1
stole,3025550,891,1
really,56797894,2400,1
kenya,2667954,431,1
motion,105458693,1513,1
scope,50752749,678,1
gifts,14287415,829,1
appeal,72759097,1199,1
glows,563616,349,1
strip,15978599,1156,1
patch,9372823,845,1
legal,14735976,1502,1
cycle,30288569,1240,1
bones,14834159,902,1
speed,57162672,1465,1
edict,2211977,170,1
niche,1965859,381,1
spike,2079453,566,1
jacob,4084498,1198,1
pausing,2243666,619,1
curving,776776,493,1
wiley,724578,450,1
rather,101427800,2759,1
necks,1592431,288,1
peers,4214111,577,1
loans,29555724,738,1
wreck,4215359,365,1
hague,1344006,156,1
lengthy,1322016,338,1
pivot,1585308,372,1
hearts,15665306,815,1
dealings,2056962,305,1
grove,7001933,628,1
fever,12187031,767,1
apple,5334252,1056,1
howling,931166,428,1
urges,3564302,754,1
truly,15290201,1470,1
wailing,719134,313,1
tibet,1334137,252,1
teens,1197907,305,1
cutting,22832007,1788,1
lifting,8012952,1242,1
fixes,3082277,606,1
irene,740795,616,1
dusty,696384,494,1
cried,10435910,1170,1
wrote,63843132,1672,1
grace,23660637,1427,1
fishing,15369745,1286,1
bronx,582765,189,1
within,502783498,2737,1
cubes,1592007,351,1
kicks,1017321,514,1
laser,4863025,738,1
wyoming,2932310,469,1
nests,3596239,460,1
rural,8079513,1221,1
rifle,3641052,658,1
shrub,2336149,308,1
demean,141122,55,1
abode,4468938,365,1
savor,832944,142,1
fully,25057012,2185,1
icons,1248547,429,1
nancy,1899210,1058,1
buddy,974119,537,1
metre,2157721,267,1
debut,2250651,252,1
minds,25852779,716,1
exist,54335656,1478,1
henri,682327,519,1
final,8524305,1265,1
cheats,264034,156,1
brood,2369519,462,1
sites,35473432,1401,1
coral,1794521,650,1
sheer,509778,522,1
swears,771446,327,1
filling,20652287,1621,1
worry,4893723,565,1
sleep,23465877,1304,1
stereo,655398,422,1
torch,2432631,417,1
dense,3303298,723,1
masks,2743163,715,1
wharf,3014663,391,1
cough,2794214,444,1
hereof,2376292,242,1
loses,4125711,1365,1
bedding,2591782,543,1
fares,3549870,442,1
thorns,1049290,324,1
chief,65102745,1563,1
calls,35397159,2065,1
cecil,1357191,646,1
fraud,13933392,634,1
erasing,479229,210,1
tough,4204322,771,1
taxed,7341232,375,1
dared,6495876,656,1
endings,3142070,275,1
delay,32897961,1014,1
tokyo,3370655,558,1
danny,902518,727,1
loading,13057526,1033,1
barring,1428536,499,1
thrift,922199,385,1
mired,731234,124,1
stoic,262047,180,1
clefs,29389,38,1
dated,23952432,1326,1
actor,6311928,693,1
relying,9799995,816,1
downing,756232,320,1
paved,3164971,588,1
polar,1674665,600,1
farming,11649165,813,1
blazing,845711,506,1
roads,26957385,1136,1
herds,5103142,444,1
waved,4242244,940,1
psych,77335,82,1
spent,49392640,1553,1
thighs,1594687,257,1
ethics,11559014,681,1
leeds,1485487,428,1
raven,854297,413,1
aliasing,161254,84,1
motif,3193217,649,1
marie,3331136,1030,1
slots,2393972,533,1
index,59336458,1370,1
grass,17442566,1238,1
fathom,1052137,106,1
exits,1172506,495,1
dreams,11607403,1076,1
tribe,15170185,581,1
lobby,3175992,472,1
helix,1033194,231,1
clays,2690479,359,1
reaching,23062227,1742,1
shock,15108263,979,1
quoting,3580602,575,1
space,101562698,1801,1
hunger,4451918,735,1
lunch,9887806,733,1
emily,1807740,1016,1
shard,203722,89,1
start,70053460,1910,1
undoing,893368,165,1
saxon,1479399,410,1
johns,771817,450,1
piers,3023710,509,1
prize,17928898,929,1
putting,31051235,1863,1
hopes,19155519,1135,1
sally,1699055,915,1
setting,56241190,2095,1
lamps,6312765,769,1
summing,4724777,279,1
morning,56625701,1058,1
bleary,43442,85,1
buses,3098013,533,1
tried,112573243,1809,1
fjord,273561,105,1
unread,145271,119,1
altar,6875393,445,1
moans,503860,259,1
melts,2682661,478,1
eliza,749596,578,1
varying,12924726,1365,1
roast,1273148,379,1
talking,33163237,1629,1
robot,1609514,477,1
roots,27785472,1058,1
racial,3777407,842,1
hexes,8598,28,1
texts,14765609,915,1
leaves,57765361,2271,1
quite,55454607,2524,1
bending,6375545,1096,1
shorn,1306082,295,1
slaying,877983,200,1
writhing,688726,340,1
local,32608795,2092,1
hired,9045014,908,1
hooks,2812246,723,1
beneath,46940602,2101,1
birch,2780177,530,1
maine,5168205,661,1
longed,3060306,396,1
jesse,1065702,797,1
breaks,10589021,1649,1
above,232223718,2619,1
swine,2137544,437,1
dearly,865036,304,1
synod,3502346,146,1
rocky,1521070,726,1
mayer,1066397,336,1
hiked,369576,138,1
mother,62520036,1723,1
monks,3990677,471,1
music,57084569,1916,1
stain,4395481,564,1
posed,10781358,1090,1
topping,1078204,439,1
motto,2556099,282,1
persia,2108722,301,1
midst,23301161,231,1
folly,5474726,457,1
fanny,969314,595,1
sayings,1902456,277,1
uncle,6392489,1144,1
smoking,7409363,1080,1
basal,1594603,541,1
sowed,716303,191,1
goals,23295816,814,1
woven,2913424,685,1
folks,5220141,814,1
wrest,484451,84,1
notion,34706122,578,1
hanna,686345,400,1
guise,3977516,268,1
lines,122220207,2034,1
bless,5965782,442,1
steps,57005082,1637,1
rhythm,8795967,785,1
under,876740759,2771,1
please,28646222,1805,1
chasing,1889180,709,1
roaring,1420223,575,1
shake,8758778,940,1
hither,1876617,520,1
eagles,1016395,318,1
sinai,2892023,147,1
thirst,2580972,353,1
album,3662867,564,1
urine,7117491,536,1
evens,66073,68,1
abide,7530810,360,1
begin,69311032,1885,1
tries,17925822,1197,1
dumping,2546018,526,1
bruno,645649,482,1
squad,1969781,403,1
after,688469267,2788,1
short,65207967,2221,1
saint,5628941,1146,1
neater,68893,70,1
exams,1247443,276,1
evening,32636800,916,1
calling,27175658,1927,1
filthy,534717,365,1
sulking,139635,96,1
blocs,844625,110,1
holds,28687371,1951,1
delta,7033806,727,1
beauty,30738506,1303,1
medal,6092325,427,1
yelling,1799399,612,1
quart,2169089,280,1
worst,9947853,353,1
circa,332725,529,1
sweating,1335203,538,1
attic,1029312,276,1
occur,88394273,1670,1
wiser,1721528,252,1
iodine,2920869,379,1
adapt,7406841,393,1
habeas,237373,178,1
souls,10497299,764,1
abbot,4391416,351,1
betty,1337187,852,1
notes,80459534,1862,1
layer,47065641,1061,1
comma,798995,181,1
pleasing,4425798,448,1
smile,21357630,1044,1
essay,18527189,614,1
coins,7680624,716,1
ultra,743414,575,1
newly,1210727,1280,1
claim,92021042,1624,1
thereon,18012514,1209,1
tubes,14425344,914,1
grant,59931584,1449,1
alive,25651554,1421,1
boots,5731905,740,1
weather,19685544,1230,1
badly,6015895,1385,1
jerry,1457332,955,1
relax,3267831,439,1
madam,2918986,731,1
chill,2806596,522,1
leaned,4260635,1074,1
fried,1240855,457,1
sneaking,452054,265,1
macro,1002617,477,1
grade,36107351,1140,1
stone,35754796,1812,1
mayor,15395284,756,1
lyric,915389,393,1
lynch,1781422,427,1
elder,2976154,660,1
boost,3532800,401,1
words,136761531,1668,1
syrian,440410,407,1
forts,2535353,329,1
radial,1399691,635,1
flute,1465831,369,1
brady,1243948,496,1
clock,9014021,808,1
molar,1595075,235,1
board,290655276,1707,1
burial,5430815,645,1
reader,26864867,884,1
waves,27228220,1209,1
cliff,3038504,670,1
assam,1111765,182,1
zones,13038084,903,1
havoc,1721616,171,1
arbor,942547,253,1
finer,1123686,498,1
brace,2005292,432,1
stare,5179557,584,1
viral,802928,357,1
genes,6898499,548,1
alert,6057669,726,1
breathing,7737349,1161,1
poles,8855062,833,1
burma,2691021,370,1
angela,746378,644,1
vitro,1688171,43,1
shearing,1409511,411,1
reset,1702960,321,1
moods,1813917,382,1
bulls,1991562,447,1
father,72502695,1726,1
widow,14458569,785,1
limbo,470055,118,1
trees,54124307,1464,1
money,138321078,1886,1
dwelt,4174701,580,1
morse,1772368,506,1
marks,35387609,1809,1
stops,8918628,1545,1
videos,2250765,439,1
lloyd,3104232,852,1
thesis,8135897,504,1
strap,2354099,415,1
hegel,1408759,355,1
nurse,9494818,801,1
weakly,1325975,688,1
alice,3932903,1232,1
molding,1757589,491,1
abusing,880843,183,1
locus,5400347,351,1
edema,2566198,268,1
writs,3399068,224,1
boats,16680420,980,1
waive,3163626,175,1
binning,57822,63,1
esther,1358471,679,1
lapse,7329050,324,1
jimmy,1546971,949,1
lagging,523569,297,1
taste,23339180,1001,1
meyer,1744923,539,1
shore,18772171,887,1
chain,27887776,1324,1
herring,1422256,459,1
piled,5011245,824,1
miner,1697156,453,1
close,171263064,2407,1
inter,4589815,1335,1
dipping,2151424,664,1
ripping,808613,440,1
hitting,4512399,852,1
meadow,2782969,530,1
kills,2967152,768,1
hills,20505974,1032,1
james,27855555,2015,1
lakes,10752440,760,1
gates,12642341,979,1
crude,4036704,883,1
decks,2088481,423,1
warming,4054284,593,1
breaking,21090818,1651,1
mines,19465841,999,1
levee,1161635,280,1
polling,612858,296,1
scare,2064603,351,1
bored,3366335,545,1
naval,4390690,997,1
senior,4941568,1241,1
knots,3221066,481,1
copying,4413062,553,1
annum,5118022,68,1
vowed,1896532,405,1
poising,58902,63,1
treading,1138202,319,1
bland,820007,406,1
slack,1881889,565,1
biased,1858478,326,1
tunes,1917601,525,1
bosom,4526163,305,1
locke,1798283,515,1
gross,7000576,1145,1
gather,9479067,813,1
looking,95577589,2292,1
toils,766664,188,1
ensue,2268687,228,1
julie,972223,792,1
watch,28794656,1398,1
coach,7134346,821,1
scout,1239475,386,1
texas,17043505,1278,1
payee,1484320,109,1
marsh,3545236,791,1
norse,224271,152,1
quote,8113902,515,1
found,431493981,2437,1
geese,1677961,319,1
fusion,7469839,626,1
tower,19182456,1105,1
plane,32028447,1129,1
coals,3573248,487,1
waist,3038070,410,1
axioms,1217668,215,1
lance,1610510,663,1
robes,3392832,398,1
lucid,351526,237,1
keeps,14137059,1805,1
widths,2647272,363,1
drier,644774,305,1
undid,567592,201,1
seeds,16605330,1002,1
named,48344119,1792,1
logos,1126566,223,1
uncut,727214,225,1
blows,4579032,779,1
assay,4731130,455,1
loose,10489893,1425,1
shrug,870729,184,1
amber,1480520,654,1
sighing,766242,438,1
weiss,920988,315,1
angering,68094,42,1
hence,67515438,1914,1
giants,2188632,507,1
seeking,32139958,1591,1
dutch,4911041,998,1
trials,16808592,933,1
fails,35934656,1626,1
taper,1332741,469,1
cross,44323353,2178,1
screw,6130922,746,1
sudan,1808770,329,1
block,32031403,1716,1
cabin,4989796,653,1
deity,3798682,348,1
vicar,4653090,307,1
empty,9347354,1357,1
usurp,813380,107,1
reagan,1935238,576,1
hayes,2253252,546,1
jesus,26326982,1266,1
olive,2980481,968,1
clark,9098008,1095,1
label,11117596,984,1
gorging,103739,84,1
rides,2881556,790,1
warns,1875240,659,1
flash,8005086,1024,1
weaver,1683026,504,1
stating,14699676,1318,1
throne,11117907,378,1
tommy,1189613,811,1
wants,52646423,1491,1
spasm,1929118,244,1
lodging,3420188,547,1
rites,4586290,424,1
births,3989410,312,1
wedding,5421390,677,1
comet,1233167,258,1
weigh,6135029,766,1
placing,20054569,1545,1
filed,52045825,1234,1
skull,4483575,517,1
cunning,1660264,386,1
skins,4966922,597,1
prism,2274557,297,1
paste,4402748,529,1
meeting,150788988,1823,1
lyman,631272,374,1
linda,1148505,872,1
repeat,16217977,940,1
loaning,364225,119,1
scream,2623309,489,1
fruit,31237054,1421,1
moses,6095112,982,1
flora,5916396,749,1
seeks,24273658,1243,1
denis,1390742,370,1
cairo,2522136,386,1
backs,6412477,705,1
cribs,248939,196,1
angels,5827738,677,1
plating,2107632,375,1
loser,726746,162,1
walls,43456845,1312,1
write,67225354,1483,1
noted,47223919,1734,1
focus,72167919,1221,1
heels,3578973,365,1
julian,1854953,783,1
guilt,9384490,624,1
finding,45765094,1841,1
voiding,343885,130,1
ashes,4497263,499,1
kelly,3805388,952,1
thrall,411912,122,1
mails,2385544,238,1
query,3997214,513,1
manic,190668,163,1
peeping,366372,343,1
tenths,6156724,114,1
tales,14862276,776,1
blood,61295848,1890,1
nearly,48634916,2489,1
fleming,1512205,437,1
grazing,4964357,708,1
hates,1975973,468,1
cards,17793624,1028,1
hobby,1239090,331,1
arrow,5243857,654,1
spots,17135198,1017,1
relay,3327255,565,1
tenor,3860019,386,1
threats,11035583,744,1
names,85395808,1503,1
world,200867255,1992,1
elite,4629311,564,1
risky,1065798,264,1
vapor,8933948,549,1
couch,2791984,454,1
steep,2663655,594,1
forge,1953068,376,1
coped,88631,109,1
libya,1224277,293,1
raise,34984129,1339,1
flank,5463234,455,1
marco,527447,441,1
irwin,745675,402,1
stock,100828965,1854,1
clears,1589286,524,1
sarah,3540135,1324,1
sound,58847465,1986,1
pigeon,1151479,475,1
organ,16223433,973,1
nerve,14945118,729,1
mined,4251398,348,1
quota,5037678,525,1
dries,1541165,410,1
dough,2216196,380,1
mocks,449580,193,1
rotting,789989,361,1
billy,2486755,1130,1
fairs,2689388,310,1
lusts,458444,123,1
basis,179390850,1279,1
knelt,2030203,624,1
smiling,8963463,1233,1
first,287545992,2736,1
shout,3489927,525,1
playing,26005535,1844,1
orange,9324360,1263,1
dazed,898176,274,1
drake,1621339,646,1
amelia,732119,558,1
getting,46959446,1995,1
chewing,1820466,615,1
super,2066150,1070,1
franz,492104,453,1
poses,3311486,1158,1
mixed,15214854,1806,1
grave,8584658,895,1
mills,25023354,1139,1
edges,22320171,921,1
clyde,1145334,581,1
bosnia,616250,202,1
extol,409705,108,1
which,18446744072378996208,2819,1
panel,20677959,1132,1
pupal,61026,90,1
needing,3889371,872,1
tiger,2310179,583,1
sylvia,643129,589,1
passing,41368274,1972,1
slope,20069499,812,1
sinks,2299552,798,1
spray,7367404,946,1
glory,22457584,802,1
cones,2308565,560,1
leaped,2327897,919,1
dreamt,1753370,149,1
region,82798618,1498,1
balls,6917542,903,1
fined,1871823,244,1
caveat,765333,126,1
crawl,1537389,396,1
torah,1272004,223,1
spite,53625713,326,1
viable,1678743,409,1
scrap,5723928,702,1
wording,5295318,234,1
bombing,3236347,392,1
people,347244617,2515,1
neatly,1787492,994,1
ponds,3924531,455,1
notre,126680,246,1
ranking,4237626,613,1
arent,37421,50,1
brave,3286240,696,1
units,72999900,1569,1
extra,5949455,1503,1
tomes,299401,123,1
surge,5036222,589,1
angola,900062,244,1
gaining,4492188,773,1
panic,4496326,641,1
straw,5127924,829,1
infra,1122601,501,1
tonic,1134197,353,1
ghost,5581217,691,1
cells,77695336,1239,1
druid,108861,94,1
weeks,44613632,883,1
bonding,3670915,531,1
widen,2132309,242,1
annie,1461110,936,1
amino,1412467,393,1
milling,5422927,701,1
bowls,2759911,529,1
calif,8032294,320,1
dialog,1956897,460,1
amazing,2503723,355,1
pests,3213435,294,1
suits,10305733,937,1
nausea,1665754,341,1
joins,6160858,1067,1
derby,1528316,418,1
flown,3613744,301,1
place,481532728,2263,1
crash,4778062,679,1
metro,631581,392,1
lenin,1518266,445,1
embed,348987,95,1
weeping,2070925,698,1
treads,742472,261,1
gothic,1377694,495,1
freud,2287687,550,1
sands,6047493,665,1
hatch,2767779,602,1
wired,1729888,522,1
argue,11693410,759,1
leigh,1177064,500,1
siren,458954,210,1
dwarf,1668962,477,1
stove,3780127,527,1
inept,282653,114,1
stuck,12681810,1388,1
epoch,4353986,343,1
floor,52276831,1253,1
forcing,7726563,1427,1
idioms,604261,221,1
gland,4094017,295,1
nouns,2032785,281,1
burke,3159301,716,1
rolling,8824243,1475,1
trace,23570048,1050,1
supra,15200124,1186,1
numbing,142904,121,1
malay,545412,339,1
nylon,762040,423,1
opening,61323872,1887,1
dialling,112977,60,1
dwell,8638578,524,1
armor,2649020,546,1
jamie,700335,629,1
drawing,34531926,1966,1
brewing,2429924,413,1
anode,1405420,263,1
mater,857818,235,1
laden,2315508,847,1
elude,912292,146,1
round,85158805,2304,1
total,93243034,2020,1
wayne,2844578,862,1
marion,1978943,824,1
order,565581157,1928,1
paddy,922300,458,1
blind,10977534,1165,1
float,4570207,913,1
aback,3230149,87,1
solid,10835215,1467,1
needy,839527,246,1
banning,1223757,234,1
moves,20450365,1868,1
scent,5927687,527,1
liens,3085756,227,1
worms,3238265,605,1
setup,2543093,668,1
merging,2125993,532,1
deacon,1604329,351,1
sponge,1482353,488,1
sight,56198900,912,1
sinus,1508350,284,1
mound,4336318,478,1
berry,2851924,727,1
andre,683464,451,1
sailing,5311355,834,1
tells,45337918,1766,1
given,438516701,2362,1
stall,2128367,513,1
pilot,7969825,1109,1
pulls,3396257,971,1
forming,27911539,1772,1
overt,674600,337,1
cults,1151435,236,1
guiding,3322359,756,1
email,2305154,481,1
padding,637777,313,1
saves,3018430,924,1
times,154405647,1646,1
unions,38561309,706,1
backing,5496970,836,1
lewis,9094447,1277,1
court,302904140,1674,1
unify,868932,98,1
donna,1287379,606,1
boxes,16968792,1192,1
depot,3920594,510,1
asthma,1908342,285,1
teaching,43624915,1356,1
meets,18114482,1556,1
sworn,9463616,452,1
intro,467805,216,1
signing,9506131,536,1
fight,25044931,1215,1
grating,1634951,387,1
weber,1774976,578,1
child,89998765,1793,1
cleans,616208,242,1
storm,11103978,1057,1
lyons,1769135,442,1
nothings,264110,92,1
haste,4322718,316,1
youths,3048134,513,1
sorts,18564535,449,1
harming,559233,110,1
coats,5447491,678,1
clues,3371991,363,1
muses,563864,209,1
fifths,7700622,77,1
blend,5822861,804,1
rumor,1042638,245,1
glove,1210005,359,1
where,963576225,2763,1
cares,3424060,620,1
palms,3446827,502,1
mused,651536,378,1
percy,1609329,633,1
right,395519914,2682,1
arose,15940574,1700,1
april,36809844,1647,1
exiting,912411,258,1
camps,7295663,647,1
spread,44454114,2095,1
chris,1632508,1052,1
clash,3107116,452,1
draws,9138744,1537,1
fines,3631956,605,1
amend,31103728,304,1
agnes,1366402,661,1
climb,8637894,832,1
idaho,3958090,528,1
diets,2590441,394,1
klein,1196924,406,1
bends,2278920,736,1
horns,4107537,601,1
tests,53347115,1572,1
watts,2321485,458,1
flies,6883469,1100,1
islam,5924285,547,1
sober,1539597,459,1
staking,258865,164,1
bearer,4293445,327,1
prose,5116005,636,1
bells,5207460,642,1
singles,586292,411,1
santa,1719015,1135,1
kingdom,38490388,527,1
wheel,18544089,1047,1
wolfe,1491343,456,1
cooking,6794073,1049,1
pinch,3300856,456,1
linen,4555483,638,1
boiling,5120176,675,1
create,34042479,1368,1
ditch,3939169,489,1
swore,3189729,690,1
cohen,2579642,522,1
linear,7208313,913,1
purse,3277424,422,1
paris,20690197,1342,1
lymph,971810,321,1
stray,715520,497,1
atlas,5364628,553,1
brick,10162883,1064,1
comas,24310,43,1
loosing,234394,110,1
honor,31023128,800,1
sauce,4235934,345,1
heirs,11969297,418,1
spell,7158427,762,1
raising,26160512,1614,1
smart,3568249,868,1
rains,3451774,381,1
smooth,12640031,1198,1
clearing,8560765,994,1
hindi,735591,243,1
vetoed,1451843,183,1
vista,1795994,318,1
conic,521437,141,1
fucking,1150617,470,1
lunar,475875,384,1
hazel,1087067,613,1
etude,96853,64,1
score,20421364,985,1
amiss,1388425,168,1
ruining,794324,224,1
tacit,338579,195,1
drank,4817228,914,1
delhi,3509303,393,1
leases,6037319,522,1
roger,2988661,1163,1
period,281667047,1705,1
nobly,561970,359,1
lodge,16771254,983,1
globe,4944754,521,1
march,47389302,1768,1
wines,4335726,549,1
reaper,203434,105,1
ceases,8351751,1139,1
forty,18573497,1679,1
karen,1023128,827,1
gloria,712309,545,1
slept,6896083,835,1
ivory,1723212,651,1
thither,2945238,435,1
tuned,3064385,422,1
binds,4602258,538,1
trait,3698650,401,1
fetal,804151,407,1
sitting,48950025,1863,1
median,3658268,583,1
soothing,999829,403,1
tapping,3349686,715,1
iodide,2797753,170,1
since,414198586,2722,1
sharp,7942248,1427,1
docking,576399,257,1
micro,1614471,824,1
judge,66790880,1350,1
admit,25152997,754,1
others,130651410,2426,1
defer,2946907,184,1
raged,1573628,355,1
awake,5738993,624,1
yearly,4864958,897,1
clara,8162649,760,1
cover,71575963,1922,1
testing,37779891,1381,1
easter,2649083,545,1
molly,1070913,756,1
takes,65485931,2420,1
bryan,1673983,655,1
laces,518081,265,1
ozone,2214330,375,1
larva,2649137,190,1
decoy,227022,173,1
eddie,914271,759,1
muddy,886680,442,1
males,13865260,819,1
queen,22095844,1350,1
pains,12277461,503,1
stale,1143122,489,1
liable,40892042,813,1
levin,795146,345,1
banking,7951585,870,1
lingering,1539185,536,1
harsh,2488489,633,1
tweaking,165751,88,1
falls,32405683,2092,1
table,99463552,2160,1
riley,1427251,609,1
staging,2062467,481,1
vegas,609579,122,1
moved,81627088,2068,1
equip,1821125,398,1
pours,896645,551,1
smoke,11369917,1197,1
flags,3485851,711,1
exile,4681079,403,1
lover,8414226,686,1
stout,2937899,665,1
shoot,8984754,941,1
lords,13206970,466,1
frost,5051989,871,1
vault,3145238,429,1
mopping,584934,160,1
yacht,1602171,362,1
brand,9274227,1216,1
reveal,15496726,1288,1
slain,3912036,353,1
ducks,2299527,491,1
sells,5265258,904,1
strings,6766667,846,1
craving,916269,329,1
lipid,1278811,353,1
goods,59613000,1175,1
peeks,91434,77,1
poetry,24834250,1129,1
ascii,167815,134,1
ithaca,762568,321,1
graft,1998953,443,1
bulky,585605,295,1
forging,2082845,425,1
undoes,143238,88,1
alike,14614192,1701,1
fixed,54944524,1955,1
ranged,4613592,1335,1
fated,712461,120,1
nails,3794826,651,1
aorta,1122653,117,1
oddly,934637,410,1
party,128208205,1711,1
martha,1910496,965,1
manly,703588,355,1
hymns,2926002,392,1
ridge,10277691,836,1
cause,185765962,1936,1
wishing,12429754,1051,1
blunt,2215827,545,1
logan,2035393,760,1
cereal,1270569,465,1
stand,84583695,2208,1
combing,600065,280,1
acted,26685732,1536,1
lofty,844591,413,1
state,524111721,2333,1
sways,286690,200,1
easier,24750958,1223,1
weeds,4148497,613,1
pricing,4969796,588,1
purge,1512330,289,1
gracing,133788,106,1
hides,3387644,865,1
runic,29178,66,1
digging,4452479,836,1
sends,6457523,1295,1
fable,1694495,246,1
fires,10016516,1036,1
tiled,537006,244,1
pushing,8966553,1462,1
bowed,3241403,930,1
moore,9205650,968,1
echoes,4857779,965,1
could,554749036,2741,1
links,15037958,1271,1
erase,1504375,197,1
lower,32390202,1947,1
beech,1010180,380,1
monte,540070,485,1
liked,22443298,927,1
sperm,1623921,444,1
janet,1001649,779,1
turks,2200764,295,1
sandy,3820859,972,1
phony,135191,152,1
ought,113466675,2153,1
swearing,2498233,511,1
wagon,4492019,695,1
fates,770064,138,1
grams,6314375,240,1
irish,6371947,1267,1
lounge,1513661,403,1
cords,4217801,474,1
mclean,998943,343,1
sorry,13489938,385,1
quiet,10378174,1114,1
bathed,2928152,534,1
bonds,46702238,987,1
split,14588769,1534,1
mourn,1346395,204,1
plank,1943610,479,1
clamp,2457047,454,1
redoing,75194,46,1
leaked,749716,350,1
shale,5680147,456,1
cites,3614424,633,1
bates,1509333,486,1
giles,1184053,485,1
knees,5052071,447,1
facial,867329,678,1
issue,142685569,1680,1
shops,11052388,920,1
avowing,120570,70,1
maple,2558282,563,1
cocoa,1454000,502,1
joyce,3026685,737,1
blues,1963973,677,1
frown,1535902,312,1
dined,1769271,364,1
coded,3244862,434,1
fuzzy,719700,369,1
rocking,1584940,629,1
scorn,3171467,423,1
cyrus,1256590,462,1
owner,59743912,1169,1
tidings,2004955,194,1
error,56645480,1084,1
iraqi,286035,444,1
change,280352991,2102,1
meter,8524736,737,1
fooling,298768,159,1
reason,140418335,1113,1
badge,2938965,339,1
lowly,462550,204,1
libra,181564,97,1
stool,2384379,427,1
safer,2322138,416,1
legion,3693392,237,1
truce,1460540,223,1
parts,192738916,1926,1
piece,89797056,1406,1
bowel,3414666,304,1
dreary,433255,234,1
fluid,16831658,1056,1
every,77642054,2727,1
noble,5024464,1026,1
alien,5617650,784,1
wills,3975371,616,1
loathe,538163,82,1
adore,994149,200,1
hardy,4576895,792,1
famed,575621,269,1
proof,60916232,1166,1
belly,3536156,523,1
sophia,1218784,513,1
versa,1043421,40,1
swaying,1301813,579,1
pools,5380571,761,1
zealot,87806,82,1
topic,16034497,612,1
birds,24508752,1302,1
vedic,138386,128,1
tract,17862514,759,1
fused,2412653,613,1
sport,8113536,968,1
dodge,1819392,568,1
fists,1245814,286,1
onions,2866640,388,1
jungle,2345827,558,1
level,261460202,1860,1
lifts,3159117,956,1
voids,1198474,288,1
search,32697982,1342,1
trunk,9943435,750,1
amusing,2500753,391,1
films,17595698,1175,1
clare,1047268,580,1
sieve,1126191,263,1
nodding,2063863,648,1
habit,25842858,898,1
friars,1156122,166,1
mated,908207,234,1
odour,1863784,250,1
trail,11262956,1062,1
games,15223977,1128,1
brook,7231576,747,1
wiped,2573636,878,1
timid,1012905,316,1
boron,1024972,280,1
parting,2332117,517,1
cedar,1948964,684,1
larvae,6720718,415,1
henry,21145309,1887,1
terry,2064753,901,1
noisy,963668,478,1
gives,109487285,2430,1
costs,116106440,1624,1
serving,36015515,1692,1
liver,9292485,699,1
rough,6051344,1240,1
learnt,4239181,459,1
cache,1572988,366,1
inert,919727,396,1
cores,2847634,562,1
sprang,7054591,1316,1
turning,35478170,2072,1
shuts,919768,383,1
jamming,580506,251,1
peanut,475908,435,1
scalp,1137454,297,1
whine,579640,193,1
scaring,494654,172,1
shell,14858047,1370,1
myriad,1880503,207,1
swamp,2509481,493,1
david,16118738,1949,1
kevin,1066979,831,1
lands,60145792,1289,1
feels,11899806,1472,1
threading,681351,343,1
motor,20367010,1628,1
dance,16790008,1462,1
warning,13795434,1128,1
readings,11039311,768,1
woody,870871,527,1
lusting,41192,73,1
wealthy,1903002,462,1
false,10899798,1270,1
cheating,1468399,296,1
taint,1538904,202,1
often,115885378,2652,1
woken,990401,60,1
fancy,7337560,919,1
ville,843502,316,1
irony,4599231,461,1
skews,71356,62,1
routing,2475741,511,1
tamil,530562,299,1
tagging,567012,265,1
chips,3416859,708,1
merge,2118413,577,1
germs,2371642,328,1
crowd,15386368,1093,1
dreading,802976,277,1
resin,3155057,474,1
exert,3392278,599,1
shown,258665350,1828,1
rests,14660809,1562,1
yours,12352084,808,1
evade,2561136,162,1
blown,5358823,739,1
stoke,2017854,198,1
fewer,3930810,1020,1
brain,20722030,1123,1
abort,474491,144,1
hindu,1480849,588,1
evans,5066071,761,1
valor,827871,188,1
china,33910977,1479,1
kissing,3001516,653,1
hauling,2374088,561,1
andrea,544192,560,1
eight,53005566,2062,1
fifty,17133981,1680,1
ounce,6019850,146,1
mouths,4697960,441,1
oases,541452,179,1
paine,1929444,377,1
blowing,5521328,948,1
cages,1316503,398,1
loved,24388612,1089,1
swarm,2351224,428,1
spies,1260547,386,1
fuels,5528870,496,1
befit,140305,61,1
scans,1630804,370,1
undying,60722,133,1
glenn,914335,628,1
power,368044979,2253,1
strong,30422532,1964,1
jumps,2124368,759,1
reins,2268579,216,1
missing,9471896,1163,1
acids,37087710,352,1
lemon,2249755,617,1
aloud,6700915,537,1
polly,745191,547,1
caged,301901,181,1
pores,3225096,324,1
waiting,27699721,2010,1
imaging,5495411,563,1
verge,5365426,177,1
noise,20848047,1148,1
alarm,7700269,725,1
girls,23628779,1428,1
shone,3992591,832,1
cures,1411518,439,1
welch,1174075,414,1
quasi,961724,556,1
mimic,1337464,305,1
leaver,48610,47,1
jolly,544182,350,1
twain,698813,268,1
happy,33352129,1289,1
adams,8225612,990,1
refer,77840124,1282,1
spoke,50211312,1644,1
rolls,10812137,1278,1
allow,75655020,1584,1
breadth,9571800,418,1
oates,657402,155,1
smite,702776,121,1
unfit,2652190,491,1
gales,732007,237,1
drums,3650558,712,1
hedge,2381494,554,1
drink,19801741,1089,1
davis,11600468,1123,1
polls,1925873,277,1
rainy,447368,238,1
seated,13767305,1157,1
await,4523784,545,1
tides,2833444,423,1
shape,54998497,1412,1
spacing,6444801,596,1
sparing,1407661,310,1
feeds,5692434,871,1
desks,2247304,354,1
biopsy,3188856,246,1
pulse,11658103,905,1
slice,5628325,558,1
thereof,73850642,1442,1
seeps,301295,193,1
oscar,1127354,775,1
towns,30477787,936,1
canal,16897698,818,1
infer,2437078,187,1
beasts,4298367,549,1
caching,250377,121,1
creek,24600175,1102,1
ceiling,8449649,685,1
naive,1312692,296,1
steer,2153874,422,1
probing,1609675,490,1
steady,6821142,980,1
spoil,3547653,470,1
rises,17815241,1613,1
skill,22053610,877,1
beets,4166991,267,1
fleet,15860506,837,1
woods,11102831,1043,1
letting,14557955,1402,1
slave,8681059,917,1
wives,8035716,636,1
weaken,4454896,310,1
boone,776096,413,1
ferry,3519138,607,1
ebook,275861,57,1
stair,1064254,376,1
stream,37158986,1260,1
garcia,1310671,397,1
cloak,3176103,410,1
wreaths,910974,281,1
hinting,829183,248,1
sails,2726946,588,1
sobbing,1046148,414,1
easily,42334844,2167,1
reeking,280019,203,1
willing,65460871,990,1
truck,11922823,1134,1
pants,3063827,444,1
heated,13984152,897,1
abuse,29784151,749,1
hearings,13806392,555,1
defeat,20022077,681,1
mates,1668122,456,1
guard,35885762,1144,1
deadly,1471783,512,1
fresh,13796328,1874,1
voicing,723525,259,1
godel,23486,51,1
indus,1090704,340,1
issuing,6785841,845,1
adorn,1887750,364,1
waste,36658945,1425,1
alter,19091343,1028,1
ships,31103019,1231,1
cleaning,13205788,1154,1
thrown,13948844,1339,1
storing,3252273,496,1
argon,956489,217,1
lansing,790244,343,1
pleading,4433900,684,1
revue,302279,190,1
stealth,292862,148,1
beset,3242416,452,1
spine,4943801,449,1
click,26531767,703,1
walks,8475245,1131,1
breast,9855888,972,1
evoking,678120,321,1
rubbing,3611908,918,1
bench,8531516,754,1
throwing,7913380,1483,1
theirs,3766191,687,1
envoy,1749373,228,1
lulling,130690,109,1
locks,5226227,874,1
piety,3031039,441,1
drain,9426581,839,1
plays,25077680,1936,1
sweep,7005962,910,1
savings,17190772,898,1
pared,784858,217,1
parks,7819376,787,1
flesh,13481702,980,1
obeying,1636919,352,1
choir,3023888,426,1
bible,16662606,807,1
blond,772175,361,1
blame,9486961,457,1
voted,19278625,750,1
curve,31950668,1101,1
ranger,1220177,400,1
ellis,2847836,690,1
season,51422109,1115,1
rhode,452701,443,1
drown,1676808,229,1
dumps,914053,328,1
opium,2680959,514,1
about,935853415,2792,1
homes,26268406,1042,1
avenge,1126067,102,1
rails,7941862,686,1
bolts,4147949,636,1
woman,71676671,1607,1
hairy,1497729,390,1
linking,7390927,829,1
vogue,1771178,179,1
plans,51344371,1639,1
thinning,2373964,421,1
scant,527873,276,1
trade,102907683,1827,1
avail,3494276,440,1
heater,4517202,423,1
rebel,1495216,561,1
shaping,6541836,625,1
gonna,2855882,154,1
nasal,865672,488,1
shaking,7295436,1266,1
heather,864862,648,1
vital,9152456,921,1
sizes,16549475,865,1
punch,3535821,791,1
sliding,3658611,1041,1
boast,5518026,412,1
burst,10709816,1599,1
lieut,2319531,477,1
failing,21694224,1002,1
parse,283705,98,1
enact,3998874,222,1
giveth,617293,138,1
liaise,22121,31,1
magic,8122272,1036,1
bearings,6092360,547,1
mixes,1505962,584,1
bucks,1594559,333,1
warmth,7028114,623,1
edwin,1491140,773,1
fleeing,1427635,422,1
vases,1586611,359,1
blake,2541933,820,1
catch,26046152,1227,1
dares,1386490,323,1
sealed,6963118,957,1
mends,102115,73,1
seine,1398445,186,1
telex,723141,175,1
curry,929400,432,1
prone,9477346,516,1
laura,1884135,1070,1
risks,15401405,800,1
action,251607546,1849,1
olson,810106,349,1
light,165245118,2322,1
diego,1515247,321,1
poetic,1118144,657,1
feared,7241444,800,1
loves,9597571,907,1
tipping,971596,407,1
pending,18091345,907,1
borne,21525823,968,1
highs,526366,180,1
sword,13070928,787,1
arabs,2830376,381,1
phoning,209865,88,1
pleads,551825,334,1
aires,836526,51,1
salts,8706722,408,1
creep,3682016,698,1
muted,533562,247,1
welding,5298408,697,1
healed,3062825,352,1
telling,27191176,1783,1
curse,5849586,455,1
larry,1481921,943,1
washing,9681878,1122,1
wells,14062685,1163,1
toned,458560,244,1
baron,4291852,702,1
thirds,34854477,141,1
works,133688199,2243,1
seize,6038705,488,1
depths,14876176,641,1
image,60371687,1559,1
hurry,7533761,416,1
until,310137158,2741,1
bound,80317344,1697,1
penis,1585229,271,1
bumping,447328,356,1
petty,1381630,667,1
crept,3028973,939,1
offer,58381853,1871,1
hiker,73786,74,1
spill,1916046,506,1
house,365274354,2124,1
metal,34186520,1594,1
devil,5525504,540,1
duets,179558,116,1
older,8120181,1190,1
abiding,1112931,257,1
flowing,8163715,1041,1
vocal,1368305,685,1
buyer,7557704,614,1
sinking,5399564,908,1
fingers,13272416,939,1
hosts,4710100,751,1
sending,12965402,1534,1
daddy,1984653,589,1
junior,4112802,1047,1
thumbs,1350028,200,1
meted,81918,103,1
angers,228707,137,1
flour,7663488,812,1
nobel,160862,184,1
casey,1052083,591,1
defying,860229,366,1
truths,6062337,492,1
firms,27548028,942,1
bidding,3600261,662,1
tapes,2888898,603,1
running,46821631,2245,1
ranch,4111360,685,1
crank,1481020,399,1
wealths,14483,19,1
sensing,3575339,720,1
stalk,2329530,391,1
crisp,1281511,519,1
trope,616788,150,1
halls,5977146,513,1
proxy,1413749,349,1
fools,1842538,424,1
agree,49847937,1320,1
baker,6670874,967,1
evoke,1707635,366,1
valve,17081375,832,1
dover,1235802,451,1
helen,3289582,1213,1
scars,2193120,436,1
style,51016504,1727,1
caste,3723760,467,1
https,17433,27,1
cloning,1482666,180,1
cooling,12284968,885,1
visit,66266518,1195,1
tents,2930602,558,1
brink,3294795,186,1
specs,249655,189,1
gifting,68914,49,1
heaven,17603582,1070,1
cheek,4522106,536,1
prove,48109209,1367,1
umbra,84912,55,1
bonus,5614704,489,1
longer,44795962,1610,1
papal,255190,311,1
frail,727706,292,1
ellen,1825321,926,1
speck,1388591,198,1
abhor,503869,115,1
bands,18698349,1180,1
trips,12614420,723,1
juror,1818403,198,1
chord,3449162,389,1
jewel,2076525,473,1
sugar,26877729,1363,1
later,170290382,2530,1
dewey,1444610,555,1
isaiah,1268378,411,1
angles,28938866,777,1
erred,13795458,219,1
fired,11606419,1209,1
dummy,579233,406,1
flame,8517345,888,1
awful,2091127,407,1
mayan,65058,127,1
grown,43777759,1170,1
trick,6287671,666,1
seizing,2666055,562,1
eroding,469802,205,1
login,241205,138,1
geared,3765809,462,1
enjoy,28282896,988,1
realms,3083268,278,1
renew,5050543,395,1
tours,5580215,667,1
hosting,817534,245,1
rusty,659194,465,1
goliath,325343,166,1
sprung,3957492,682,1
tires,4036229,652,1
proud,23116214,891,1
speaking,53652354,1628,1
crown,19947162,1179,1
growth,149967092,1550,1
craig,2243957,764,1
apathy,1432778,299,1
docks,2999132,411,1
meager,503611,159,1
trend,23521945,784,1
tired,16572074,829,1
harry,5609049,1549,1
shading,1851811,515,1
serial,23962108,723,1
avenging,212575,128,1
annoy,1059978,171,1
burying,1339941,468,1
maize,2421486,525,1
chest,9947569,887,1
bites,2062720,403,1
cheer,3781970,449,1
claws,1975427,366,1
bride,4458406,439,1
bleed,1311551,349,1
arise,27939061,1185,1
madly,947803,408,1
walsh,2007787,455,1
leaker,7710,19,1
coast,45166580,882,1
negro,5740822,839,1
feeding,22008204,1391,1
villa,2631965,531,1
agent,59331398,1357,1
spans,2850004,512,1
serum,9461017,517,1
rushing,3964132,860,1
angelo,713803,365,1
lives,67105704,1643,1
reacts,2221464,529,1
calming,424636,233,1
edits,403997,215,1
writing,78516841,1875,1
treats,7129308,886,1
perch,1837004,368,1
rival,5153814,727,1
minus,4244635,950,1
bloom,5106677,779,1
sinning,209169,107,1
pumps,5806442,704,1
bruce,3399100,1015,1
charm,8320795,676,1
feasting,737117,289,1
satan,2987917,646,1
dungeon,638721,164,1
belong,47347491,1497,1
payne,1576143,451,1
stage,97219471,1792,1
deeds,13504891,627,1
mover,3380791,156,1
bribe,1387055,194,1
snags,354972,180,1
carts,1743895,457,1
xviii,2649988,336,1
sheep,12666124,1128,1
freed,3848614,869,1
known,257825243,2250,1
stamp,7606004,888,1
fairy,1100608,605,1
creating,17941659,1753,1
linux,429635,174,1
ulcer,2088316,220,1
whose,42708651,2490,1
urgings,136833,51,1
halve,327525,77,1
leased,7270387,537,1
atoms,12382699,532,1
loyal,5626241,558,1
focal,957095,449,1
photo,10169490,1120,1
czech,500193,429,1
glare,3404347,420,1
masking,1038073,404,1
fungus,1962148,338,1
risking,674012,281,1
staving,35062,37,1
manning,2034636,558,1
tempt,2058568,226,1
incur,3569796,257,1
timer,1037973,282,1
chunk,2040060,227,1
stack,6638260,758,1
packing,9537335,1107,1
plain,21129736,1464,1
paint,14581157,1230,1
option,28968335,1133,1
ratios,12966614,729,1
athens,4528090,619,1
earned,13549736,1189,1
edged,2595207,782,1
bowling,705631,572,1
kinds,76476718,638,1
proving,6578877,974,1
terra,559081,410,1
hoped,19538469,880,1
breed,7167575,748,1
shaming,163150,100,1
rigid,3583097,847,1
warping,595548,219,1
hunting,10525123,1246,1
imply,7141957,777,1
relic,2054528,265,1
yearning,1193917,376,1
still,210095832,2715,1
draft,20264332,930,1
feeling,60595912,1976,1
rigor,1009295,196,1
vinyl,717876,400,1
carlo,6310193,298,1
rules,99488332,1625,1
judging,8053397,1018,1
funding,16325996,797,1
types,152447891,1818,1
glowing,1328165,716,1
array,18893664,869,1
waged,1622623,303,1
fatal,7486551,504,1
parking,3737091,833,1
ledge,2854583,383,1
heathen,953967,307,1
breads,565104,177,1
cation,2391922,357,1
pride,20883434,1005,1
stump,1945268,421,1
scots,1723970,375,1
zeroing,212174,63,1
leader,43440699,1147,1
herbs,2975403,496,1
acute,7863931,781,1
large,59062195,2260,1
earnings,25625945,681,1
paper,131474251,1881,1
steel,34520516,1681,1
either,222076307,2707,1
mount,9806998,1356,1
mapping,8717270,701,1
ramming,277443,163,1
titus,877972,438,1
social,31171796,1959,1
drove,14977848,1547,1
chuck,1345231,639,1
salad,2585788,397,1
haven,7518008,455,1
labor,53674985,1631,1
winds,11548574,912,1
fauna,5633560,327,1
doubt,51558292,684,1
handing,2534941,640,1
twist,5131223,745,1
story,106322297,1741,1
rican,1072573,42,1
oasis,1222549,236,1
queer,1071819,423,1
worthy,34636908,1257,1
verbs,4673342,346,1
unreal,774423,234,1
unseal,55141,29,1
blaze,2611158,460,1
wearer,504409,85,1
frame,32880557,1448,1
adrian,743914,603,1
pouring,4093135,941,1
ovate,3585358,200,1
chase,6189566,995,1
fourth,15998400,855,1
essex,2278653,577,1
cured,7140027,606,1
ordeal,2129723,227,1
della,283986,266,1
needs,142785228,2255,1
roman,4770583,1305,1
lucas,2056187,747,1
optic,3029624,308,1
homer,2659177,792,1
violet,4835500,761,1
roses,4134270,646,1
amuse,1233763,187,1
logic,20142874,1023,1
egypt,13765558,796,1
snake,3826910,691,1
looping,318231,253,1
porch,5035752,338,1
craft,12168846,1048,1
study,300320151,1898,1
wages,29226350,858,1
fault,19948049,806,1
flows,21031945,1242,1
solving,8628768,368,1
sweet,10776962,1613,1
elect,11276297,450,1
alpha,2684293,765,1
plunge,2046956,480,1
throws,4230929,1235,1
pizza,1035078,390,1
modem,986141,356,1
syncing,31416,32,1
ration,4665527,512,1
handy,1686585,616,1
begging,2703659,828,1
basic,10101470,1334,1
avoid,29769927,920,1
heeding,373840,88,1
agony,3997497,340,1
civic,1422869,763,1
plate,38100421,1394,1
brush,8755736,1154,1
myers,1777495,449,1
field,142410172,2119,1
fasting,1503657,393,1
shiny,957881,450,1
bulbs,3508090,427,1
sacks,2710185,470,1
nazis,938454,174,1
preach,5666318,327,1
saudi,547968,472,1
pound,15609133,738,1
cargo,9323443,869,1
greed,1793844,373,1
envying,155716,99,1
salem,2084810,534,1
fiber,8704665,823,1
loops,3708545,672,1
bureau,118284142,934,1
ranks,15131690,1070,1
candy,2507156,757,1
robed,1005858,211,1
usage,14847262,895,1
tutor,3340908,338,1
anemia,1943322,223,1
woeful,39276,76,1
novel,19620192,917,1
lending,5153665,752,1
breathe,4421634,493,1
beaver,1219860,584,1
salon,2103249,292,1
scrub,1321484,454,1
ports,19749179,810,1
frogs,1285567,423,1
demon,1913072,518,1
phase,65742288,1481,1
sects,1614106,251,1
peaked,1572698,499,1
goats,3345047,420,1
typos,84871,54,1
pipes,11911145,959,1
theatre,17350001,1100,1
stony,635796,353,1
baton,613486,305,1
hints,5447998,698,1
ropes,2463437,616,1
lacking,14767319,1070,1
agile,342063,204,1
talks,11614034,1146,1
hacking,458407,292,1
seems,209203078,2510,1
users,24104318,1043,1
ditto,3459242,531,1
sharing,16010635,1184,1
mailing,3584864,481,1
roofing,1367050,422,1
maybe,33254992,2067,1
deafen,47884,34,1
bowen,968948,386,1
erupt,476902,145,1
eighth,8611457,483,1
stuff,11909834,1428,1
bobby,991744,790,1
amass,154650,69,1
uneasy,1689235,383,1
press,60384153,1948,1
dozen,6421382,179,1
peering,1419265,665,1
thence,16138607,1111,1
inlet,4097646,556,1
reich,932437,229,1
holding,59328297,2236,1
lemma,896219,186,1
disks,2382839,555,1
opera,9521702,939,1
fitting,10469964,996,1
staring,15042938,1240,1
rulings,4463439,308,1
broke,23324397,1918,1
akron,450485,265,1
tongue,17374394,1005,1
shaft,18244856,957,1
rhine,2032971,190,1
awaking,315896,133,1
likes,9764364,869,1
rabbi,1958599,413,1
laugh,13273563,881,1
codes,11751225,841,1
katie,703327,620,1
parsing,424634,166,1
method,196699697,1908,1
stark,1160036,662,1
facto,749340,69,1
driving,20582710,1775,1
tracy,969674,574,1
basil,1769808,545,1
shall,818059893,2537,1
audit,8530998,566,1
sited,803405,181,1
deems,2441465,277,1
