and,47937009783,1,ᚪᚾᛞ,215
that,16276870590,1,ᚦᚪᛏ,161
for,15302403424,1,ᚠᚩᚱ,20
with,10472207810,1,ᚹᛁᚦ,55
was,10290956601,1,ᚹᚪᛋ,169
not,9118812037,1,ᚾᚩᛏ,95
this,8084426385,1,ᚦᛁᛋ,89
are,7686253918,1,ᚪᚱᛖ,175
his,6001457265,1,ᚻᛁᛋ,107
but,4940207625,1,ᛒᚢᛏ,123
you,4434432450,1,ᚣᚩᚢ,113
they,4255929523,1,ᚦᛖᚣ,175
had,4241569818,1,ᚻᚪᛞ,209
all,4097656285,1,ᚪᛚᛚ,243
one,4006782287,1,ᚩᚾᛖ,103
has,3731968847,1,ᚻᚪᛋ,173
can,3073208113,1,ᚳᚪᚾ,139
her,2883272435,1,ᚻᛖᚱ,101
may,2867120901,1,ᛗᚪᚣ,271
its,2679098778,1,ᛁᛏᛋ,143
who,2600673223,1,ᚹᚻᚩ,49
any,2485783811,1,ᚪᚾᚣ,229
she,2446135695,1,ᛋᚻᛖ,143
new,2424203133,1,ᚾᛖᚹ,115
than,2379181451,1,ᚦᚪᚾ,131
them,2087397343,1,ᚦᛖᛗ,143
two,2051113791,1,ᛏᚹᚩ,85
out,2033382853,1,ᚩᚢᛏ,69
him,2010147182,1,ᚻᛁᛗ,125
our,1826767081,1,ᚩᚢᚱ,21
see,1673284865,1,ᛋᛖᛖ,187
then,1559865956,1,ᚦᛖᚾ,101
now,1385629919,1,ᚾᚩᚹ,55
each,1323176483,1,ᛠᚳᚻ,145
being,1302616777,1,ᛒᛖᛝ,207
did,1285300870,1,ᛞᛁᛞ,209
year,1281766354,1,ᚣᛠᚱ,223
use,1214896947,1,ᚢᛋᛖ,123
how,1111042424,1,ᚻᚩᚹ,49
both,1042206477,1,ᛒᚩᚦ,73
per,999866129,1,ᛈᛖᚱ,121
act,990647463,1,ᚪᚳᛏ,169
way,988676161,1,ᚹᚪᚣ,219
day,978692033,1,ᛞᚪᚣ,289
man,963720636,1,ᛗᚪᚾ,197
long,910870509,1,ᛚᚩᛝ,159
law,907279870,1,ᛚᚪᚹ,189
own,852623648,1,ᚩᚹᚾ,55
does,832671954,1,ᛞᛟᛋ,225
men,744149727,1,ᛗᛖᚾ,167
old,666296365,1,ᚩᛚᛞ,169
too,652537030,1,ᛏᚩᚩ,73
end,628907448,1,ᛖᚾᛞ,185
get,621125512,1,ᚷᛖᛏ,143
set,621080365,1,ᛋᛖᛏ,179
say,613162140,1,ᛋᚪᚣ,253
thus,594275261,1,ᚦᚢᛋ,61
few,583313198,1,ᚠᛖᚹ,88
off,567686961,1,ᚩᚠᚠ,11
area,567130842,1,ᚪᚱᛠ,217
war,564014475,1,ᚹᚪᚱ,127
god,536301750,1,ᚷᚩᛞ,113
far,532571515,1,ᚠᚪᚱ,110
yet,508822233,1,ᚣᛖᛏ,229
air,463719867,1,ᚪᛁᚱ,139
head,462461513,1,ᚻᛠᛞ,221
put,456646714,1,ᛈᚢᛏ,105
let,446308118,1,ᛚᛖᛏ,199
due,439255328,1,ᛞᚢᛖ,159
using,428556446,1,ᚢᛋᛝ,135
things,428378163,1,ᚦᛝᛋ,137
why,424473621,1,ᚹᚻᚣ,145
going,423516725,1,ᚷᚩᛝ,103
age,412117977,1,ᚪᚷᛖ,181
low,408425862,1,ᛚᚩᚹ,99
tax,381764837,1,ᛏᚪᛉ,203
death,379875407,1,ᛞᛠᚦ,203
real,363342067,1,ᚱᛠᛚ,193
read,349436330,1,ᚱᛠᛞ,209
near,334780632,1,ᚾᛠᚱ,149
non,334691847,1,ᚾᚩᚾ,65
pay,334390956,1,ᛈᚪᚣ,243
six,322242684,1,ᛋᛁᛉ,131
nor,317646354,1,ᚾᚩᚱ,47
sir,312108388,1,ᛋᛁᚱ,95
east,309315323,1,ᛠᛋᛏ,221
oil,302057106,1,ᚩᛁᛚ,111
art,301837396,1,ᚪᚱᛏ,167
got,290621420,1,ᚷᚩᛏ,83
mean,288165407,1,ᛗᛠᚾ,209
fig,275519890,1,ᚠᛁᚷ,50
gas,274976123,1,ᚷᚪᛋ,167
saw,262229127,1,ᛋᚪᚹ,169
son,250796109,1,ᛋᚩᚾ,89
yes,249265717,1,ᚣᛖᛋ,223
red,245409599,1,ᚱᛖᛞ,167
ten,237535473,1,ᛏᛖᚾ,155
vol,235451400,0,ᚢᚩᛚ,83
idea,226913519,1,ᛁᛞᛠ,229
top,223237171,1,ᛏᚩᛈ,109
iii,222185272,0,ᛁᛁᛁ,93
doing,218498046,1,ᛞᚩᛝ,175
run,215528492,1,ᚱᚢᚾ,43
cut,211123258,1,ᚳᚢᛏ,75
lead,206743865,1,ᛚᛠᛞ,271
earth,204967711,1,ᛠᚱᚦ,125
bring,204547719,1,ᛒᚱᛝ,151
job,203721305,1,ᛂᚩᛒ,105
ask,195876216,1,ᚪᛋᚳ,163
heat,189713833,1,ᚻᛠᛏ,191
box,188304537,1,ᛒᚩᛉ,115
big,187922383,1,ᛒᛁᚷ,109
car,184003248,1,ᚳᚪᚱ,121
ago,180184026,1,ᚪᚷᚩ,121
deal,178351067,1,ᛞᛠᛚ,271
aid,177456288,1,ᚪᛁᛞ,217
met,175378898,1,ᛗᛖᛏ,197
net,173312067,1,ᚾᛖᛏ,155
led,170138734,1,ᛚᛖᛞ,229
sec,166206497,1,ᛋᛖᚳ,133
san,165731555,0,ᛋᚪᚾ,179
key,165057374,1,ᚳᛖᚣ,183
lot,161839348,1,ᛚᚩᛏ,139
hear,155904371,1,ᚻᛠᚱ,143
sum,155240692,1,ᛋᚢᛗ,127
dead,152021594,1,ᛞᛠᛞ,287
add,151263450,1,ᚪᛞᛞ,275
bad,151062418,1,ᛒᚪᛞ,247
bed,147185022,1,ᛒᛖᛞ,217
try,147051755,1,ᛏᚱᚣ,173
eye,143992217,1,ᛖᚣᛖ,237
easy,143664342,1,ᛠᛋᚣ,265
bar,142548605,1,ᛒᚪᚱ,169
sun,140095512,1,ᛋᚢᚾ,85
dry,133651438,1,ᛞᚱᚣ,203
fear,129736537,1,ᚠᛠᚱ,122
ohio,129543741,0,ᚩᚻᛡ,137
lay,128143448,1,ᛚᚪᚣ,273
boy,127727391,1,ᛒᚩᚣ,171
hon,127659707,0,ᚻᚩᚾ,59
die,124890793,1,ᛞᛁᛖ,187
hot,121008283,1,ᚻᚩᛏ,89
goes,116178504,1,ᚷᛟᛋ,153
bear,107621679,1,ᛒᛠᚱ,181
van,107156150,1,ᚢᚪᚾ,129
sat,106179527,1,ᛋᚪᛏ,209
team,105021791,1,ᛏᛠᛗ,239
ill,104437284,1,ᛁᛚᛚ,177
thou,102924095,1,ᚦᚩᚢ,15
sex,102837748,1,ᛋᛖᛉ,167
arm,100873695,1,ᚪᚱᛗ,179
bit,99855422,1,ᛒᛁᛏ,151
bay,98892762,1,ᛒᚪᚣ,261
pre,98871164,1,ᛈᚱᛖ,121
sub,96568002,1,ᛋᚢᛒ,117
map,96482451,1,ᛗᚪᛈ,211
fit,95744989,1,ᚠᛁᛏ,92
dear,95222095,1,ᛞᛠᚱ,209
ice,94304735,1,ᛁᚳᛖ,111
path,91474211,1,ᛈᚪᚦ,145
buy,87126620,1,ᛒᚢᚣ,167
lie,86642355,1,ᛚᛁᛖ,171
thin,85495464,1,ᚦᛁᚾ,65
fee,81644131,1,ᚠᛖᛖ,136
los,81417459,0,ᛚᚩᛋ,133
des,78333061,0,ᛞᛖᛋ,209
ran,77301014,1,ᚱᚪᚾ,137
ray,76632162,1,ᚱᚪᚣ,211
seat,76536414,1,ᛋᛠᛏ,221
com,73860572,1,ᚳᚩᛗ,91
asia,73296195,1,ᚪᛋᛡ,257
mid,72643747,1,ᛗᛁᛞ,191
fed,70513577,1,ᚠᛖᛞ,158
lee,69906448,0,ᛚᛖᛖ,207
dog,69679480,1,ᛞᚩᚷ,113
weak,69512168,1,ᚹᛠᚳ,141
thee,69348278,1,ᚦᛖᛖ,139
sit,69219874,1,ᛋᛁᛏ,143
meat,67257633,1,ᛗᛠᛏ,239
ann,66885486,0,ᚪᚾᚾ,155
pro,66601637,1,ᛈᚱᚩ,61
song,65288797,1,ᛋᚩᛝ,139
web,65144395,1,ᚹᛖᛒ,147
der,64438805,0,ᛞᛖᚱ,167
fat,64010995,1,ᚠᚪᛏ,158
won,63175590,0,ᚹᚩᚾ,55
iowa,62170932,0,ᛡᚹᚪ,223
min,61935066,1,ᛗᛁᚾ,131
res,60918559,0,ᚱᛖᛋ,131
raw,60855771,1,ᚱᚪᚹ,127
peak,60724168,1,ᛈᛠᚳ,165
lying,60467170,1,ᛚᚣᛝ,255
tel,59551354,0,ᛏᛖᛚ,199
vii,58792428,0,ᚢᛁᛁ,65
ore,58723479,1,ᚩᚱᛖ,85
sin,58536649,1,ᛋᛁᚾ,113
owing,57908644,1,ᚩᚹᛝ,105
hit,57895092,1,ᚻᛁᛏ,113
poet,57335594,1,ᛈᛟᛏ,185
soc,57095533,0,ᛋᚩᚳ,73
beam,56894572,1,ᛒᛠᛗ,241
cup,56784118,1,ᚳᚢᛈ,59
ave,56427788,1,ᚪᚢᛖ,167
row,55591079,1,ᚱᚩᚹ,37
sky,55507045,1,ᛋᚳᚣ,169
fax,55348320,1,ᚠᚪᛉ,146
gun,55348038,1,ᚷᚢᚾ,49
wear,55313214,1,ᚹᛠᚱ,139
aim,54860528,1,ᚪᛁᛗ,199
con,54226759,1,ᚳᚩᚾ,49
joy,54078544,1,ᛂᚩᚣ,147
ton,53960122,1,ᛏᚩᚾ,95
tom,53334542,0,ᛏᚩᛗ,137
wet,53321306,1,ᚹᛖᛏ,145
earl,53067461,1,ᛠᚱᛚ,193
leaf,52055009,1,ᛚᛠᚠ,184
era,51390586,1,ᛖᚱᚪ,175
par,49911288,1,ᛈᚪᚱ,151
app,49882816,1,ᚪᛈᛈ,183
cal,49101970,0,ᚳᚪᛚ,183
von,48993938,0,ᚢᚩᚾ,39
poem,48928955,1,ᛈᛟᛗ,197
rear,48699238,1,ᚱᛠᚱ,131
win,48307167,1,ᚹᛁᚾ,79
hath,48267627,1,ᚻᚪᚦ,125
bus,47691447,1,ᛒᚢᛋ,117
inc,47522396,0,ᛁᚾᚳ,73
don,47352040,1,ᛞᚩᚾ,125
pub,47237839,1,ᛈᚢᛒ,107
fly,46822071,1,ᚠᛚᚣ,178
arc,46147627,1,ᚪᚱᚳ,121
www,45781576,1,ᚹᚹᚹ,57
med,45770453,1,ᛗᛖᛞ,227
gap,45456377,1,ᚷᚪᛈ,157
leg,44598581,1,ᛚᛖᚷ,157
seal,44495286,1,ᛋᛠᛚ,235
mrs,44241681,0,ᛗᚱᛋ,135
und,43828489,0,ᚢᚾᛞ,121
cap,43762573,1,ᚳᚪᛈ,153
meal,43583497,1,ᛗᛠᛚ,253
eating,42615780,1,ᛠᛏᛝ,247
eds,42594964,0,ᛖᛞᛋ,209
dean,42313564,1,ᛞᛠᚾ,227
kings,41862659,1,ᚳᛝᛋ,145
cat,41810641,1,ᚳᚪᛏ,169
bag,41484507,1,ᛒᚪᚷ,175
guy,41473805,1,ᚷᚢᚣ,123
egg,41298898,1,ᛖᚷᚷ,101
ease,41265336,1,ᛠᛋᛖ,229
dam,41048124,1,ᛞᚪᛗ,257
ears,40508375,1,ᛠᚱᛋ,173
cry,40299069,1,ᚳᚱᚣ,127
beat,40200174,1,ᛒᛠᛏ,229
sam,39647918,0,ᛋᚪᛗ,221
bath,39567329,1,ᛒᚪᚦ,163
tip,39120934,1,ᛏᛁᛈ,133
pan,38699406,1,ᛈᚪᚾ,169
log,38399221,1,ᛚᚩᚷ,97
hat,38346073,1,ᚻᚪᛏ,179
les,37298937,0,ᛚᛖᛋ,193
mix,37285381,1,ᛗᛁᛉ,149
oak,37226885,1,ᚩᚪᚳ,117
wings,36903867,1,ᚹᛝᛋ,151
jean,36551354,1,ᛂᛠᚾ,175
rod,36475283,1,ᚱᚩᛞ,107
del,36368544,1,ᛞᛖᛚ,229
ben,36065378,1,ᛒᛖᚾ,157
jan,35866800,1,ᛂᚪᚾ,163
pen,35730964,1,ᛈᛖᚾ,139
dying,35690838,1,ᛞᚣᛝ,271
max,35636274,1,ᛗᚪᛉ,215
fox,35505413,1,ᚠᚩᛉ,56
tin,34978502,1,ᛏᛁᚾ,119
hung,34878503,1,ᚻᚢᛝ,105
fun,34726027,1,ᚠᚢᚾ,34
ions,34463647,1,ᛡᚾᛋ,189
hay,34111497,1,ᚻᚪᚣ,223
bid,34011237,1,ᛒᛁᛞ,181
sad,33957966,1,ᛋᚪᛞ,239
gear,33013106,1,ᚷᛠᚱ,137
dad,32768541,1,ᛞᚪᛞ,275
jim,32475344,0,ᛂᛁᛗ,139
ins,32427669,0,ᛁᚾᛋ,113
fix,32332243,1,ᚠᛁᛉ,80
singing,32317444,1,ᛋᛝᛝ,211
mar,32280235,0,ᛗᚪᚱ,179
lung,32120871,1,ᛚᚢᛝ,155
div,32042171,0,ᛞᛁᚢ,123
lab,31919476,1,ᛚᚪᛒ,231
oath,31725312,1,ᚩᚪᚦ,109
dec,31677353,0,ᛞᛖᚳ,169
rat,31648199,1,ᚱᚪᛏ,167
odd,31524976,1,ᚩᛞᛞ,185
esq,31067082,0,ᛖᛋᚳ,133
gay,31008334,1,ᚷᚪᚣ,217
wit,30902705,1,ᚹᛁᛏ,109
etc,30306582,1,ᛖᛏᚳ,139
tie,30172974,1,ᛏᛁᛖ,157
cit,29160616,0,ᚳᛁᛏ,103
hong,29146884,0,ᚻᚩᛝ,109
bob,29146646,0,ᛒᚩᛒ,129
bow,29127970,1,ᛒᚩᚹ,87
est,28842814,0,ᛖᛋᛏ,179
ash,28736898,1,ᚪᛋᚻ,173
plea,28090633,1,ᛈᛚᛠ,225
kong,28011423,1,ᚳᚩᛝ,99
bias,27993725,1,ᛒᛡᛋ,221
rings,27967501,1,ᚱᛝᛋ,143
cow,27116980,1,ᚳᚩᚹ,39
ref,26998220,1,ᚱᛖᚠ,80
rev,26955208,0,ᚱᛖᚢ,81
mad,26904417,1,ᛗᚪᛞ,257
roy,26871187,0,ᚱᚩᚣ,121
mom,26669041,1,ᛗᚩᛗ,149
ser,26601122,0,ᛋᛖᚱ,131
lbs,26420903,0,ᛚᛒᛋ,187
mud,26172365,1,ᛗᚢᛞ,163
oct,26102180,1,ᚩᚳᛏ,79
fur,26067848,1,ᚠᚢᚱ,16
jet,25951676,1,ᛂᛖᛏ,163
nat,25803265,1,ᚾᚪᛏ,185
pit,25686755,1,ᛈᛁᛏ,133
yeah,25578693,1,ᚣᛠᚻ,235
pig,25558471,1,ᛈᛁᚷ,91
pin,25464183,1,ᛈᛁᚾ,103
pot,25357191,1,ᛈᚩᛏ,109
que,24943764,1,ᚳᚹᛖ,99
nov,24807942,1,ᚾᚩᚢ,39
aging,24407653,1,ᚪᚷᛝ,193
fan,24317408,1,ᚠᚪᚾ,128
lit,24165683,1,ᛚᛁᛏ,163
beg,24077111,1,ᛒᛖᚷ,145
xii,23968258,0,ᛉᛁᛁ,109
dan,23504337,0,ᛞᚪᚾ,215
seas,23172434,1,ᛋᛠᛋ,215
sic,22964353,0,ᛋᛁᚳ,97
earn,22865287,1,ᛠᚱᚾ,149
pop,22846496,1,ᛈᚩᛈ,93
den,22801581,1,ᛞᛖᚾ,185
inn,22582982,1,ᛁᚾᚾ,89
apt,22572418,1,ᚪᛈᛏ,199
math,22336233,1,ᛗᚪᚦ,173
eve,22312606,1,ᛖᚢᛖ,137
lion,22273625,1,ᛚᛡᚾ,209
dis,22091546,0,ᛞᛁᛋ,173
col,22063500,0,ᚳᚩᛚ,93
rid,21715382,1,ᚱᛁᛞ,131
hang,21689946,1,ᚻᚪᛝ,199
shoe,21594987,1,ᛋᚻᛟ,159
ruth,21485971,0,ᚱᚢᚦ,19
lip,21398822,1,ᛚᛁᛈ,147
aug,21146661,0,ᚪᚢᚷ,117
reg,21130386,0,ᚱᛖᚷ,95
sue,20975132,0,ᛋᚢᛖ,123
ate,20898815,1,ᚪᛏᛖ,223
feb,20741001,0,ᚠᛖᛒ,130
pat,20561473,1,ᛈᚪᛏ,199
myth,20475966,1,ᛗᚣᚦ,179
pet,20224173,1,ᛈᛖᛏ,169
tear,20183875,1,ᛏᛠᚱ,179
xiv,20086190,0,ᛉᛁᚢ,81
apr,19890909,0,ᚪᛈᚱ,151
gen,19856756,0,ᚷᛖᚾ,113
kid,19720178,1,ᚳᛁᛞ,133
ink,19406837,1,ᛁᚾᚳ,73
doc,18818707,1,ᛞᚩᚳ,109
sur,18598179,0,ᛋᚢᚱ,67
deaf,18574304,1,ᛞᛠᚠ,200
tis,18536653,0,ᛏᛁᛋ,143
las,18433297,0,ᛚᚪᛋ,223
jun,18384111,0,ᛂᚢᚾ,69
bee,18309978,1,ᛒᛖᛖ,195
singh,18124508,0,ᛋᛝᚻ,155
swing,18052051,1,ᛋᚹᛝ,151
owe,18005774,1,ᚩᚹᛖ,93
nay,17964368,0,ᚾᚪᚣ,229
ass,17701709,0,ᚪᛋᛋ,203
cox,17275434,0,ᚳᚩᛉ,67
jaw,17264007,1,ᛂᚪᚹ,153
lean,17262631,1,ᛚᛠᚾ,211
dig,17252805,1,ᛞᛁᚷ,137
hey,17077176,1,ᚻᛖᚣ,193
sep,17025808,0,ᛋᛖᛈ,163
tor,16883302,1,ᛏᚩᚱ,77
ram,16792242,1,ᚱᚪᛗ,179
rim,16625022,1,ᚱᛁᛗ,113
tap,16573649,1,ᛏᚪᛈ,199
kim,16473049,0,ᚳᛁᛗ,115
wax,16451972,1,ᚹᚪᛉ,163
rom,16417719,1,ᚱᚩᛗ,89
gang,16307571,1,ᚷᚪᛝ,193
doth,16295078,0,ᛞᚩᚦ,101
zeal,16277459,1,ᛋᛠᛚ,235
ego,16202624,1,ᛖᚷᚩ,91
bet,16176537,1,ᛒᛖᛏ,187
ali,16145671,0,ᚪᛚᛁ,201
mac,16097139,0,ᛗᚪᚳ,181
wang,16064038,0,ᚹᚪᛝ,195
xvi,16033815,0,ᛉᚢᛁ,81
das,15982207,0,ᛞᚪᛋ,239
ban,15808624,1,ᛒᚪᚾ,187
hip,15800340,1,ᚻᛁᛈ,97
sup,15730077,0,ᛋᚢᛈ,99
sang,15604710,1,ᛋᚪᛝ,229
hen,15313776,1,ᚻᛖᚾ,119
cor,15279505,0,ᚳᚩᚱ,31
tar,15223646,1,ᛏᚪᚱ,167
dip,15116000,1,ᛞᛁᛈ,163
hut,15015512,1,ᚻᚢᛏ,85
ere,14911703,1,ᛖᚱᛖ,145
vis,14872248,0,ᚢᛁᛋ,87
cong,14797959,0,ᚳᚩᛝ,99
sung,14697329,1,ᛋᚢᛝ,135
fin,14673898,0,ᚠᛁᚾ,62
tim,14657729,0,ᛏᛁᛗ,161
jew,14577011,0,ᛂᛖᚹ,123
nut,14574554,1,ᚾᚢᛏ,91
jay,14500018,0,ᛂᚪᚣ,237
bean,14421259,1,ᛒᛠᚾ,199
sri,14397372,0,ᛋᚱᛁ,95
dot,14288127,1,ᛞᚩᛏ,155
lap,14058160,1,ᛚᚪᛈ,213
kit,14052946,1,ᚳᛁᛏ,103
dye,14049534,1,ᛞᚣᛖ,259
gel,14037753,1,ᚷᛖᛚ,157
var,14026300,1,ᚢᚪᚱ,111
dim,13912722,1,ᛞᛁᛗ,191
neat,13858492,1,ᚾᛠᛏ,197
ted,13828180,0,ᛏᛖᛞ,215
tab,13784523,1,ᛏᚪᛒ,217
mat,13626907,1,ᛗᚪᛏ,227
mon,13601098,0,ᛗᚩᚾ,107
chi,13499638,0,ᚳᚻᛁ,67
cum,13404029,0,ᚳᚢᛗ,87
dug,13367465,1,ᛞᚢᚷ,109
fog,13321432,1,ᚠᚩᚷ,26
leon,13217840,0,ᛚᛇᚾ,143
mit,13069749,1,ᛗᛁᛏ,161
thai,13010954,0,ᚦᚪᛁ,133
bis,12762095,1,ᛒᛁᛋ,145
cab,12740804,1,ᚳᚪᛒ,171
nos,12734322,0,ᚾᚩᛋ,89
ind,12621398,0,ᛁᚾᛞ,149
tan,12617662,1,ᛏᚪᚾ,185
ken,12579371,0,ᚳᛖᚾ,109
bin,12564934,1,ᛒᛁᚾ,121
cam,12532442,0,ᚳᚪᛗ,181
rep,12445681,0,ᚱᛖᛈ,121
ham,12442366,1,ᚻᚪᛗ,191
rob,12378299,1,ᚱᚩᛒ,79
tag,12365865,1,ᛏᚪᚷ,173
kin,12318605,1,ᚳᛁᚾ,73
lin,12262482,0,ᛚᛁᚾ,133
heath,12215612,1,ᚻᛠᚦ,137
ant,12198423,1,ᚪᚾᛏ,185
rang,12195500,1,ᚱᚪᛝ,187
dial,12182580,1,ᛞᛡᛚ,269
lad,12120320,1,ᛚᚪᛞ,259
gum,12097455,1,ᚷᚢᛗ,91
hoc,12090774,1,ᚻᚩᚳ,43
lid,12033476,1,ᛚᛁᛞ,193
qui,11948254,0,ᚳᚹᛁ,63
ana,11926835,0,ᚪᚾᚪ,223
quo,11703340,0,ᚳᚹᚩ,39
rue,11611873,0,ᚱᚢᛖ,81
bat,11604090,1,ᛒᚪᛏ,217
mol,11585622,0,ᛗᚩᛚ,151
rel,11560921,0,ᚱᛖᛚ,151
cod,11521983,1,ᚳᚩᛞ,109
pie,11372634,1,ᛈᛁᛖ,141
bud,11252458,1,ᛒᚢᛞ,153
mem,11198720,1,ᛗᛖᛗ,209
yeas,11177530,0,ᚣᛠᛋ,265
han,11155529,0,ᚻᚪᚾ,149
bye,11142786,1,ᛒᚣᛖ,231
jar,11124216,1,ᛂᚪᚱ,145
ups,11118542,1,ᚢᛈᛋ,99
pad,11110767,1,ᛈᚪᛞ,229
mao,11104713,0,ᛗᚪᚩ,175
lib,11087060,1,ᛚᛁᛒ,165
amy,11062275,0,ᚪᛗᚣ,271
lang,11057708,0,ᛚᚪᛝ,249
fir,10972063,1,ᚠᛁᚱ,44
toy,10759031,1,ᛏᚩᚣ,169
sac,10750093,0,ᛋᚪᚳ,163
yang,10736390,1,ᚣᚪᛝ,279
rot,10726002,1,ᚱᚩᛏ,77
abc,10705537,1,ᚪᛒᚳ,171
hid,10615569,1,ᚻᛁᛞ,143
mob,10598727,1,ᛗᚩᛒ,139
rec,10547953,0,ᚱᛖᚳ,91
leap,10546263,1,ᛚᛠᛈ,225
xix,10508345,0,ᛉᛁᛉ,125
mil,10475488,0,ᛗᛁᛚ,175
lag,10451592,1,ᛚᚪᚷ,187
gal,10433914,0,ᚷᚪᛚ,187
peat,10345056,1,ᛈᛠᛏ,211
une,10329472,0,ᚢᚾᛖ,99
toes,10328349,1,ᛏᛟᛋ,195
fry,10322880,1,ᚠᚱᚣ,116
gut,10199531,1,ᚷᚢᛏ,79
dod,10067202,0,ᛞᚩᛞ,185
peas,10026007,1,ᛈᛠᛋ,205
mus,10005478,0,ᛗᚢᛋ,127
sen,9978950,0,ᛋᛖᚾ,149
rye,9966878,1,ᚱᚣᛖ,181
deg,9945565,1,ᛞᛖᚷ,173
ads,9827264,1,ᚪᛞᛋ,239
heal,9811513,1,ᚻᛠᛚ,205
ira,9718349,0,ᛁᚱᚪ,139
phi,9679520,1,ᛈᚻᛁ,97
heap,9617748,1,ᚻᛠᛈ,175
beth,9606304,0,ᛒᛖᚦ,133
dos,9595237,1,ᛞᚩᛋ,149
ada,9564714,0,ᚪᛞᚪ,283
lor,9514793,0,ᛚᚩᚱ,91
iso,9477247,1,ᛁᛋᚩ,91
psi,9472158,0,ᛈᛋᛁ,127
mag,9400962,0,ᛗᚪᚷ,185
shy,9370625,1,ᛋᚻᚣ,179
mum,9259902,1,ᛗᚢᛗ,145
ther,9127334,0,ᚦᛖᚱ,83
awe,9118306,1,ᚪᚹᛖ,183
pas,9113733,0,ᛈᚪᛋ,193
sol,9088338,0,ᛋᚩᛚ,133
lat,9027024,0,ᛚᚪᛏ,229
ron,8943813,0,ᚱᚩᚾ,47
urea,8938540,0,ᚢᚱᛠ,123
bot,8873254,1,ᛒᚩᛏ,127
hog,8844691,1,ᚻᚩᚷ,47
oft,8817614,1,ᚩᚠᛏ,68
kay,8779311,0,ᚳᚪᚣ,213
nil,8772801,1,ᚾᛁᛚ,133
mead,8720958,1,ᛗᛠᛞ,269
ber,8717658,0,ᛒᛖᚱ,139
yen,8675769,0,ᚣᛖᚾ,199
joel,8528016,0,ᛂᛟᛚ,193
spy,8485297,1,ᛋᛈᚣ,199
bro,8462141,0,ᛒᚱᚩ,79
hud,8456484,0,ᚻᚢᛞ,115
ver,8418719,0,ᚢᛖᚱ,81
leak,8412409,1,ᛚᛠᚳ,195
ringing,8397857,1,ᚱᛝᛝ,169
moth,8377585,1,ᛗᚩᚦ,83
riot,8317713,1,ᚱᛡᛏ,177
eff,8299569,0,ᛖᚠᚠ,71
tri,8283117,0,ᛏᚱᛁ,101
ace,8252019,1,ᚪᚳᛖ,177
ist,8223718,0,ᛁᛋᛏ,143
ord,8150169,0,ᚩᚱᛞ,107
dew,8114466,1,ᛞᛖᚹ,175
hub,8063735,1,ᚻᚢᛒ,87
nec,8050625,0,ᚾᛖᚳ,109
ida,8047054,0,ᛁᛞᚪ,217
xxi,8034165,0,ᛉᛉᛁ,125
hop,8008515,1,ᚻᚩᛈ,73
rib,7990384,1,ᚱᛁᛒ,103
seam,7944936,1,ᛋᛠᛗ,233
val,7934819,0,ᚢᚪᛚ,173
alia,7921946,0,ᚪᛚᛡ,277
zip,7884490,1,ᛋᛁᛈ,127
sion,7883822,0,ᛋᛡᚾ,189
dow,7869658,0,ᛞᚩᚹ,115
gao,7855919,0,ᚷᚪᚩ,121
din,7853585,1,ᛞᛁᚾ,149
aye,7822458,1,ᚪᚣᛖ,267
eva,7787563,0,ᛖᚢᚪ,167
nam,7746587,0,ᚾᚪᛗ,197
nod,7731472,1,ᚾᚩᛞ,125
ibn,7708986,0,ᛁᛒᚾ,121
ark,7705912,1,ᚪᚱᚳ,121
zur,7702029,0,ᛋᚢᚱ,67
hue,7691732,1,ᚻᚢᛖ,93
jon,7681514,0,ᛂᚩᚾ,73
faa,7677768,0,ᚠᚪᚪ,196
cis,7677620,0,ᚳᛁᛋ,97
elk,7648958,1,ᛖᛚᚳ,153
hrs,7631415,0,ᚻᚱᛋ,87
cos,7624563,0,ᚳᚩᛋ,73
sap,7600463,1,ᛋᚪᛈ,193
axe,7585950,1,ᚪᛉᛖ,211
mis,7578623,0,ᛗᛁᛋ,155
sow,7557098,1,ᛋᚩᚹ,79
abu,7554805,0,ᚪᛒᚢ,161
rex,7506369,0,ᚱᛖᛉ,125
cop,7434171,1,ᚳᚩᛈ,63
ale,7430247,1,ᚪᛚᛖ,237
roth,7406222,0,ᚱᚩᚦ,23
thru,7403096,0,ᚦᚱᚢ,19
jam,7398191,1,ᛂᚪᛗ,205
owl,7390738,1,ᚩᚹᛚ,99
opt,7388923,0,ᚩᛈᛏ,109
als,7382395,0,ᚪᛚᛋ,223
wee,7296577,0,ᚹᛖᛖ,153
che,7289482,0,ᚳᚻᛖ,103
tub,7253201,1,ᛏᚢᛒ,123
pol,7229278,0,ᛈᚩᛚ,123
url,7227061,1,ᚢᚱᛚ,87
tow,7225693,1,ᛏᚩᚹ,85
rub,7218930,1,ᚱᚢᛒ,75
vat,7215455,1,ᚢᚪᛏ,159
bom,7204110,0,ᛒᚩᛗ,139
pear,7192194,1,ᛈᛠᚱ,163
ski,7164072,1,ᛋᚳᛁ,97
yon,7130007,0,ᚣᚩᚾ,139
rum,7117881,1,ᚱᚢᛗ,85
ned,7115260,0,ᚾᛖᛞ,185
dom,7102955,0,ᛞᚩᛗ,167
elm,7059964,1,ᛖᛚᛗ,211
esp,7056774,0,ᛖᛋᛈ,163
loc,7014922,0,ᛚᚩᚳ,93
fro,6992987,1,ᚠᚱᚩ,20
mod,6987943,1,ᛗᚩᛞ,167
ala,6975915,0,ᚪᛚᚪ,267
hum,6975663,1,ᚻᚢᛗ,97
wan,6941334,0,ᚹᚪᚾ,145
lan,6889878,1,ᛚᚪᚾ,199
ers,6887575,0,ᛖᚱᛋ,131
ami,6886787,0,ᚪᛗᛁ,199
vet,6785540,1,ᚢᛖᛏ,129
bur,6774306,0,ᛒᚢᚱ,75
ans,6714475,1,ᚪᚾᛋ,179
una,6680065,0,ᚢᚾᚪ,129
ivy,6678000,1,ᛁᚢᚣ,137
dev,6671686,1,ᛞᛖᚢ,159
lou,6645760,0,ᛚᚩᚢ,83
rem,6629273,1,ᚱᛖᛗ,149
vic,6601329,0,ᚢᛁᚳ,47
bang,6524718,1,ᛒᚪᛝ,237
pap,6454672,0,ᛈᚪᛈ,183
hal,6441772,0,ᚻᚪᛚ,193
gin,6430008,1,ᚷᛁᚾ,77
thos,6405845,0,ᚦᚩᛋ,65
amp,6400779,1,ᚪᛗᛈ,211
aft,6400488,1,ᚪᚠᛏ,158
rig,6395749,1,ᚱᛁᚷ,59
tug,6391457,1,ᛏᚢᚷ,79
gem,6332905,1,ᚷᛖᛗ,155
zion,6296711,0,ᛋᛡᚾ,189
cue,6273296,1,ᚳᚢᛖ,83
spa,6258914,1,ᛋᛈᚪ,193
pal,6255372,1,ᛈᚪᛚ,213
alt,6226609,1,ᚪᛚᛏ,229
abs,6201622,1,ᚪᛒᛋ,211
seth,6170992,0,ᛋᛖᚦ,125
sings,6128794,1,ᛋᛝᛋ,185
dei,6111200,0,ᛞᛖᛁ,187
sean,6109527,0,ᛋᛠᚾ,191
fay,6091159,0,ᚠᚪᚣ,202
jung,6039558,1,ᛂᚢᛝ,119
asa,6037128,0,ᚪᛋᚪ,247
dee,6035627,1,ᛞᛖᛖ,223
ein,6021017,0,ᛖᛁᚾ,127
mos,6004610,0,ᛗᚩᛋ,131
sed,5969581,0,ᛋᛖᛞ,209
bug,5949873,1,ᛒᚢᚷ,81
pus,5944391,0,ᛈᚢᛋ,99
hinge,5900285,1,ᚻᛝᛖ,169
sal,5839569,0,ᛋᚪᛚ,223
foes,5838244,1,ᚠᛟᛋ,138
hug,5834008,1,ᚻᚢᚷ,43
eli,5817229,0,ᛖᛚᛁ,171
tee,5798796,0,ᛏᛖᛖ,193
lac,5788846,0,ᛚᚪᚳ,183
tit,5780601,0,ᛏᛁᛏ,149
vow,5777582,1,ᚢᚩᚹ,29
tying,5744694,1,ᛏᚣᛝ,241
rpm,5722393,0,ᚱᛈᛗ,125
vie,5708735,0,ᚢᛁᛖ,101
mme,5688216,0,ᛗᛗᛖ,209
jur,5676488,0,ᛂᚢᚱ,51
icy,5673717,1,ᛁᚳᚣ,147
sip,5659615,1,ᛋᛁᛈ,127
icc,5645345,0,ᛁᚳᚳ,57
tex,5628854,0,ᛏᛖᛉ,173
neal,5621420,0,ᚾᛠᛚ,211
hem,5590360,1,ᚻᛖᛗ,161
zoo,5570358,1,ᛋᚩᚩ,67
ely,5566974,0,ᛖᛚᚣ,243
peg,5528128,1,ᛈᛖᚷ,127
bead,5482992,1,ᛒᛠᛞ,259
xxx,5451639,0,ᛉᛉᛉ,141
mal,5431660,0,ᛗᚪᛚ,241
reap,5411420,1,ᚱᛠᛈ,163
xxv,5395671,0,ᛉᛉᚢ,97
mph,5391912,0,ᛗᛈᚻ,137
err,5363855,1,ᛖᚱᚱ,89
tang,5351377,0,ᛏᚪᛝ,235
huh,5348625,1,ᚻᚢᚻ,49
yrs,5327271,0,ᚣᚱᛋ,167
trio,5319898,1,ᛏᚱᛡ,177
nun,5315987,1,ᚾᚢᚾ,61
mai,5293324,0,ᛗᚪᛁ,199
til,5285436,0,ᛏᛁᛚ,163
rug,5283563,1,ᚱᚢᚷ,31
nan,5240297,1,ᚾᚪᚾ,155
cad,5240270,0,ᚳᚪᛞ,199
mer,5230510,0,ᛗᛖᚱ,149
ich,5225552,0,ᛁᚳᚻ,67
mas,5192670,0,ᛗᚪᛋ,221
lear,5183657,1,ᛚᛠᚱ,193
noel,5134199,1,ᚾᛟᛚ,185
wed,5129191,1,ᚹᛖᛞ,175
sting,5099879,1,ᛋᛏᛝ,191
pur,5092326,0,ᛈᚢᚱ,57
noes,5083357,0,ᚾᛟᛋ,165
ger,5081793,0,ᚷᛖᚱ,95
rip,5058787,1,ᚱᛁᛈ,85
rag,5048918,1,ᚱᚪᚷ,125
cling,5041931,1,ᚳᛚᛝ,165
eats,5020361,1,ᛠᛏᛋ,221
ccc,5003827,0,ᚳᚳᚳ,39
soy,4995451,1,ᛋᚩᚣ,163
sao,4977505,0,ᛋᚪᚩ,157
ode,4976311,1,ᚩᛞᛖ,163
dar,4971350,0,ᛞᚪᚱ,197
aus,4959675,0,ᚪᚢᛋ,153
hew,4920509,1,ᚻᛖᚹ,109
sod,4920342,0,ᛋᚩᛞ,149
aba,4898014,0,ᚪᛒᚪ,255
ewing,4896374,0,ᛖᚹᛝ,165
wei,4880484,0,ᚹᛖᛁ,117
kai,4841720,0,ᚳᚪᛁ,141
meg,4836358,0,ᛗᛖᚷ,155
bon,4811939,0,ᛒᚩᚾ,97
shi,4798891,0,ᛋᚻᛁ,107
aux,4795231,0,ᚪᚢᛉ,147
feat,4741572,1,ᚠᛠᛏ,170
wis,4733480,0,ᚹᛁᛋ,103
wow,4725241,1,ᚹᚩᚹ,45
ply,4720916,1,ᛈᛚᚣ,219
ity,4711856,0,ᛁᛏᚣ,193
lis,4697172,0,ᛚᛁᛋ,157
het,4681435,0,ᚻᛖᛏ,149
urn,4673695,1,ᚢᚱᚾ,43
pox,4667421,0,ᛈᚩᛉ,97
nas,4656938,0,ᚾᚪᛋ,179
siam,4644676,0,ᛋᛡᛗ,231
boeing,4642976,0,ᛒᛟᛝ,223
imp,4640972,0,ᛁᛗᛈ,145
fer,4605678,0,ᚠᛖᚱ,80
wong,4597243,0,ᚹᚩᛝ,105
beak,4588628,1,ᛒᛠᚳ,183
yer,4568661,0,ᚣᛖᚱ,181
mel,4543987,0,ᛗᛖᛚ,211
ire,4543304,1,ᛁᚱᛖ,109
gis,4483757,0,ᚷᛁᛋ,101
mir,4477129,0,ᛗᛁᚱ,113
gov,4457050,0,ᚷᚩᚢ,27
pos,4452501,0,ᛈᚩᛋ,103
aaa,4450445,0,ᚪᚪᚪ,291
bog,4443728,0,ᛒᚩᚷ,85
fiat,4437543,0,ᚠᛡᛏ,168
hun,4401225,0,ᚻᚢᚾ,55
bas,4381368,0,ᛒᚪᛋ,211
sis,4375247,0,ᛋᛁᛋ,137
lon,4358102,0,ᛚᚩᚾ,109
tung,4350848,0,ᛏᚢᛝ,141
qua,4326340,0,ᚳᚹᚪ,129
cho,4311580,0,ᚳᚻᚩ,43
dun,4307963,0,ᛞᚢᚾ,121
gym,4306138,1,ᚷᚣᛗ,191
fra,4295731,0,ᚠᚱᚪ,110
hee,4282669,0,ᚻᛖᛖ,157
lam,4267718,0,ᛚᚪᛗ,241
fri,4231262,0,ᚠᚱᛁ,44
lim,4207799,0,ᛚᛁᛗ,175
abe,4207379,0,ᚪᛒᛖ,225
pam,4197535,0,ᛈᚪᛗ,211
pod,4174026,1,ᛈᚩᛞ,139
lai,4171254,0,ᛚᚪᛁ,201
cps,4168835,0,ᚳᛈᛋ,109
oat,4155616,1,ᚩᚪᛏ,163
ail,4142811,1,ᚪᛁᛚ,201
tal,4133104,0,ᛏᚪᛚ,229
syn,4129692,0,ᛋᚣᚾ,185
ebb,4093557,1,ᛖᛒᛒ,189
rap,4092914,0,ᚱᚪᛈ,151
liar,4067488,1,ᛚᛡᚱ,191
sar,4052082,0,ᛋᚪᚱ,161
uni,4022034,0,ᚢᚾᛁ,63
dung,4019324,1,ᛞᚢᛝ,171
cot,4018422,1,ᚳᚩᛏ,79
rus,4012387,0,ᚱᚢᛋ,67
orr,4004857,0,ᚩᚱᚱ,29
nie,3993361,0,ᚾᛁᛖ,127
wen,3986796,0,ᚹᛖᚾ,115
btu,3985789,0,ᛒᛏᚢ,123
liz,3972603,0,ᛚᛁᛋ,157
rad,3964117,0,ᚱᚪᛞ,197
tot,3952831,0,ᛏᚩᛏ,125
bel,3933272,0,ᛒᛖᛚ,201
sim,3928673,0,ᛋᛁᛗ,155
ape,3898880,1,ᚪᛈᛖ,207
ars,3891148,0,ᚪᚱᛋ,161
lax,3861214,0,ᛚᚪᛉ,217
ras,3854848,0,ᚱᚪᛋ,161
nap,3843352,1,ᚾᚪᛈ,169
auf,3841866,0,ᚪᚢᚠ,102
sew,3812925,1,ᛋᛖᚹ,139
lao,3811283,0,ᛚᚪᚩ,177
zen,3808944,1,ᛋᛖᚾ,149
gee,3780927,0,ᚷᛖᛖ,151
yin,3740669,1,ᚣᛁᚾ,163
tam,3740318,0,ᛏᚪᛗ,227
def,3723926,0,ᛞᛖᚠ,158
tai,3723623,0,ᛏᚪᛁ,187
cur,3710373,0,ᚳᚢᚱ,27
lias,3705103,0,ᛚᛡᛋ,233
ole,3700525,0,ᚩᛚᛖ,147
diaz,3694345,0,ᛞᛡᛋ,249
beau,3690424,0,ᛒᛠᚢ,173
edw,3655102,0,ᛖᛞᚹ,175
pic,3648684,0,ᛈᛁᚳ,87
tic,3648294,1,ᛏᛁᚳ,103
gus,3641066,0,ᚷᚢᛋ,73
aero,3631917,1,ᚫᚱᚩ,119
wil,3614946,0,ᚹᛁᛚ,123
gil,3607691,0,ᚷᛁᛚ,121
ren,3593782,0,ᚱᛖᚾ,107
loo,3592726,0,ᛚᚩᚩ,87
sly,3588256,1,ᛋᛚᚣ,229
ard,3578248,0,ᚪᚱᛞ,197
ust,3557774,0,ᚢᛋᛏ,115
kan,3546379,0,ᚳᚪᚾ,139
raj,3543509,0,ᚱᚪᛂ,145
wat,3542066,0,ᚹᚪᛏ,175
mug,3538799,1,ᛗᚢᚷ,91
sig,3529461,0,ᛋᛁᚷ,101
ane,3521698,0,ᚪᚾᛖ,193
ching,3510200,0,ᚳᚻᛝ,115
nom,3506798,0,ᚾᚩᛗ,107
lex,3481111,0,ᛚᛖᛉ,187
ems,3474456,0,ᛖᛗᛋ,191
apa,3471824,0,ᚪᛈᚪ,237
rung,3469833,1,ᚱᚢᛝ,93
tcp,3468784,1,ᛏᚳᛈ,115
lev,3463473,0,ᛚᛖᚢ,143
som,3457311,0,ᛋᚩᛗ,131
ley,3452427,0,ᛚᛖᚣ,243
bal,3442172,0,ᛒᚪᛚ,231
wes,3438381,0,ᚹᛖᛋ,139
ama,3437837,0,ᚪᛗᚪ,265
paw,3432005,1,ᛈᚪᚹ,159
jug,3430439,1,ᛂᚢᚷ,57
ons,3428262,0,ᚩᚾᛋ,89
gan,3425734,0,ᚷᚪᚾ,143
nee,3424437,0,ᚾᛖᛖ,163
hie,3423128,0,ᚻᛁᛖ,121
veal,3391334,1,ᚢᛠᛚ,185
diam,3388696,0,ᛞᛡᛗ,267
boer,3369558,0,ᛒᛟᚱ,155
lar,3341894,0,ᛚᚪᚱ,181
cha,3335325,0,ᚳᚻᚪ,133
ito,3324236,0,ᛁᛏᚩ,97
sid,3319028,0,ᛋᛁᛞ,173
neon,3312193,1,ᚾᛇᚾ,99
ell,3308873,0,ᛖᛚᛚ,213
ike,3301348,0,ᛁᚳᛖ,111
att,3300977,0,ᚪᛏᛏ,215
dak,3300022,0,ᛞᚪᚳ,199
fob,3289217,0,ᚠᚩᛒ,70
easing,3287709,1,ᛠᛋᛝ,241
dong,3269893,0,ᛞᚩᛝ,175
roi,3263957,0,ᚱᚩᛁ,49
pew,3255594,1,ᛈᛖᚹ,129
sie,3230857,0,ᛋᛁᛖ,151
eel,3223806,1,ᛖᛖᛚ,207
ops,3214350,0,ᚩᛈᛋ,103
flu,3197150,1,ᚠᛚᚢ,78
wig,3196212,1,ᚹᛁᚷ,67
leah,3193365,1,ᛚᛠᚻ,205
een,3189623,0,ᛖᛖᚾ,163
tra,3181209,0,ᛏᚱᚪ,167
jin,3180609,0,ᛂᛁᚾ,97
ach,3178179,0,ᚪᚳᚻ,133
mor,3169568,0,ᛗᚩᚱ,89
fang,3157925,0,ᚠᚪᛝ,178
dol,3154283,0,ᛞᚩᛚ,169
sus,3153547,0,ᛋᚢᛋ,109
sag,3148968,0,ᛋᚪᚷ,167
ita,3146101,0,ᛁᛏᚪ,187
tinge,3144641,1,ᛏᛝᛖ,205
tao,3139277,1,ᛏᚪᚩ,163
oar,3135080,1,ᚩᚪᚱ,115
ingot,3134206,1,ᛝᚩᛏ,145
ess,3119507,0,ᛖᛋᛋ,173
mic,3104681,0,ᛗᛁᚳ,115
raf,3085261,0,ᚱᚪᚠ,110
dal,3083384,0,ᛞᚪᛚ,259
jus,3080856,0,ᛂᚢᛋ,93
ain,3060881,0,ᚪᛁᚾ,157
thro,3057518,0,ᚦᚱᚩ,23
joey,3054771,0,ᛂᛟᚣ,223
tat,3046076,0,ᛏᚪᛏ,215
rey,3030451,0,ᚱᛖᚣ,181
ara,3009766,0,ᚪᚱᚪ,205
ecu,2971080,0,ᛖᚳᚢ,83
ohm,2963677,0,ᚩᚻᛗ,101
bra,2949731,0,ᛒᚱᚪ,169
tau,2940512,0,ᛏᚪᚢ,159
lew,2935901,0,ᛚᛖᚹ,159
eta,2933715,0,ᛖᛏᚪ,223
coo,2933428,0,ᚳᚩᚩ,27
ary,2933170,0,ᚪᚱᚣ,211
jen,2927402,0,ᛂᛖᚾ,133
suing,2927352,1,ᛋᚢᛝ,135
woo,2925059,0,ᚹᚩᚩ,33
yan,2907441,0,ᚣᚪᚾ,229
mes,2895421,0,ᛗᛖᛋ,191
aro,2894017,0,ᚪᚱᚩ,115
bor,2892765,0,ᛒᚩᚱ,79
icing,2867812,1,ᛁᚳᛝ,123
pak,2860329,0,ᛈᚪᚳ,153
fling,2835936,1,ᚠᛚᛝ,154
thaw,2832885,1,ᚦᚪᚹ,121
woes,2828933,1,ᚹᛟᛋ,155
sui,2814905,0,ᛋᚢᛁ,87
vas,2813096,0,ᚢᚪᛋ,153
elf,2804091,1,ᛖᛚᚠ,142
wer,2795910,0,ᚹᛖᚱ,97
mot,2789700,0,ᛗᚩᛏ,137
jig,2786698,1,ᛂᛁᚷ,85
pang,2776647,1,ᛈᚪᛝ,219
ova,2764675,1,ᚩᚢᚪ,107
liv,2760404,0,ᛚᛁᚢ,107
len,2758271,0,ᛚᛖᚾ,169
pis,2751221,0,ᛈᛁᛋ,127
nox,2738314,0,ᚾᚩᛉ,83
fam,2737597,0,ᚠᚪᛗ,170
shea,2736005,0,ᛋᚻᛠ,185
sling,2730518,1,ᛋᛚᛝ,205
rai,2728792,0,ᚱᚪᛁ,139
nye,2726717,0,ᚾᚣᛖ,199
flea,2723609,1,ᚠᛚᛠ,184
obs,2721939,0,ᚩᛒᛋ,121
luc,2716584,0,ᛚᚢᚳ,89
asp,2710779,0,ᚪᛋᛈ,193
ado,2707462,1,ᚪᛞᚩ,193
ast,2706253,0,ᚪᛋᛏ,209
ani,2703196,0,ᚪᚾᛁ,157
git,2684153,1,ᚷᛁᛏ,107
vial,2683513,1,ᚢᛡᛚ,183
fas,2673771,0,ᚠᚪᛋ,152
pow,2669180,1,ᛈᚩᚹ,69
ata,2665695,0,ᚪᛏᚪ,253
ava,2663517,0,ᚪᚢᚪ,197
liang,2648666,0,ᛚᛡᛝ,259
goa,2644908,0,ᚷᚩᚪ,121
dit,2642283,1,ᛞᛁᛏ,179
aff,2640692,0,ᚪᚠᚠ,101
amt,2628176,0,ᚪᛗᛏ,227
sob,2626257,1,ᛋᚩᛒ,121
sha,2625868,1,ᛋᚻᚪ,173
dif,2624255,0,ᛞᛁᚠ,122
duo,2616145,1,ᛞᚢᚩ,99
gar,2604788,0,ᚷᚪᚱ,125
ide,2590821,0,ᛁᛞᛖ,187
och,2578161,0,ᚩᚳᚻ,43
gag,2572495,1,ᚷᚪᚷ,131
ous,2572315,0,ᚩᚢᛋ,63
thor,2572005,1,ᚦᚩᚱ,23
tun,2552178,0,ᛏᚢᚾ,91
tes,2550840,0,ᛏᛖᛋ,179
oda,2549127,0,ᚩᛞᚪ,193
tum,2548191,0,ᛏᚢᛗ,133
ism,2539391,0,ᛁᛋᛗ,155
shu,2536318,0,ᛋᚻᚢ,79
hui,2532586,0,ᚻᚢᛁ,57
bum,2521212,0,ᛒᚢᛗ,135
loeb,2516938,0,ᛚᛟᛒ,217
dix,2514482,0,ᛞᛁᛉ,167
dey,2492133,0,ᛞᛖᚣ,259
bun,2488956,1,ᛒᚢᚾ,93
lui,2488656,0,ᛚᚢᛁ,107
ids,2471973,1,ᛁᛞᛋ,173
scr,2466957,0,ᛋᚳᚱ,77
pun,2466746,1,ᛈᚢᚾ,75
bey,2463356,0,ᛒᛖᚣ,231
teas,2453202,1,ᛏᛠᛋ,221
bod,2452924,0,ᛒᚩᛞ,157
moi,2451643,0,ᛗᚩᛁ,109
sei,2450936,0,ᛋᛖᛁ,151
gong,2447617,1,ᚷᚩᛝ,103
jap,2446763,0,ᛂᚪᛈ,177
hap,2438345,0,ᚻᚪᛈ,163
mam,2435844,0,ᛗᚪᛗ,239
ree,2431296,0,ᚱᛖᛖ,145
ure,2428268,1,ᚢᚱᛖ,81
aha,2425436,0,ᚪᚻᚪ,217
deb,2411078,0,ᛞᛖᛒ,217
mee,2390304,0,ᛗᛖᛖ,205
kung,2380555,0,ᚳᚢᛝ,95
hmm,2376521,0,ᚻᛗᛗ,165
lei,2376170,0,ᛚᛖᛁ,171
cub,2368884,1,ᚳᚢᛒ,77
ewe,2350339,1,ᛖᚹᛖ,153
tong,2338643,0,ᛏᚩᛝ,145
twa,2333701,0,ᛏᚹᚪ,175
pep,2324598,0,ᛈᛖᛈ,153
koh,2306524,0,ᚳᚩᚻ,43
sel,2295186,0,ᛋᛖᛚ,193
lug,2285328,0,ᛚᚢᚷ,93
kang,2284848,0,ᚳᚪᛝ,189
wid,2263959,0,ᚹᛁᛞ,139
gra,2253966,0,ᚷᚱᚪ,125
haw,2248181,0,ᚻᚪᚹ,139
oas,2234998,0,ᚩᚪᛋ,157
bac,2229328,0,ᛒᚪᚳ,171
mun,2228253,0,ᛗᚢᚾ,103
fad,2223157,0,ᚠᚪᛞ,188
pip,2212578,1,ᛈᛁᛈ,117
gig,2209768,1,ᚷᛁᚷ,65
yao,2206345,0,ᚣᚪᚩ,207
fen,2201762,1,ᚠᛖᚾ,98
vhf,2191339,0,ᚢᚻᚠ,28
ges,2183457,0,ᚷᛖᛋ,137
gaz,2177548,0,ᚷᚪᛋ,167
hir,2165467,0,ᚻᛁᚱ,65
coed,2163549,0,ᚳᛟᛞ,185
aria,2159179,1,ᚪᚱᛡ,215
mop,2157820,1,ᛗᚩᛈ,121
roc,2155621,0,ᚱᚩᚳ,31
ame,2144507,0,ᚪᛗᛖ,235
orb,2144005,1,ᚩᚱᛒ,79
ono,2140704,0,ᚩᚾᚩ,43
flo,2138300,0,ᚠᛚᚩ,82
boo,2137844,1,ᛒᚩᚩ,75
baer,2131191,0,ᛒᚫᚱ,173
pes,2124945,0,ᛈᛖᛋ,163
bos,2114270,0,ᛒᚩᛋ,121
lye,2112591,0,ᛚᚣᛖ,243
yew,2110457,1,ᚣᛖᚹ,189
hym,2098637,0,ᚻᚣᛗ,197
thom,2094359,0,ᚦᚩᛗ,83
ish,2093654,0,ᛁᛋᚻ,107
kat,2091182,0,ᚳᚪᛏ,169
hos,2088178,0,ᚻᚩᛋ,83
neg,2079446,0,ᚾᛖᚷ,113
pion,2076513,1,ᛈᛡᚾ,179
sox,2071381,0,ᛋᚩᛉ,107
wad,2070625,0,ᚹᚪᛞ,205
cid,2064003,0,ᚳᛁᛞ,133
lil,2062315,0,ᛚᛁᛚ,177
tod,2061042,0,ᛏᚩᛞ,155
iff,2050533,1,ᛁᚠᚠ,35
ute,2043406,0,ᚢᛏᛖ,129
vor,2042193,0,ᚢᚩᚱ,21
fiz,2020596,0,ᚠᛁᛋ,86
lath,2009512,0,ᛚᚪᚦ,175
pith,2006076,0,ᛈᛁᚦ,79
vin,2004504,0,ᚢᛁᚾ,63
rsa,1984343,1,ᚱᛋᚪ,161
pup,1978886,1,ᛈᚢᛈ,89
coy,1978005,1,ᚳᚩᚣ,123
ora,1961946,0,ᚩᚱᚪ,115
vos,1961024,0,ᚢᚩᛋ,63
meth,1952911,0,ᛗᛖᚦ,143
tay,1943016,0,ᛏᚪᚣ,259
uno,1933795,0,ᚢᚾᚩ,39
cob,1933097,1,ᚳᚩᛒ,81
nys,1931560,0,ᚾᚣᛋ,185
fie,1929029,0,ᚠᛁᛖ,100
aix,1916118,0,ᚪᛁᛉ,175
ort,1915687,0,ᚩᚱᛏ,77
ric,1914954,0,ᚱᛁᚳ,55
dingy,1901394,1,ᛞᛝᚣ,271
gad,1895161,0,ᚷᚪᛞ,203
pee,1893831,1,ᛈᛖᛖ,177
jong,1886597,0,ᛂᚩᛝ,123
emu,1884789,0,ᛖᛗᚢ,141
sla,1871876,0,ᛋᛚᚪ,223
arb,1870329,0,ᚪᚱᛒ,169
rut,1868520,1,ᚱᚢᛏ,73
sai,1867047,0,ᛋᚪᛁ,181
mau,1865529,0,ᛗᚪᚢ,171
mow,1864184,1,ᛗᚩᚹ,97
pry,1858014,1,ᛈᚱᚣ,157
mig,1854544,0,ᛗᛁᚷ,119
vom,1854400,0,ᚢᚩᛗ,81
yun,1853118,0,ᚣᚢᚾ,135
pei,1847644,0,ᛈᛖᛁ,141
wry,1847086,1,ᚹᚱᚣ,133
tur,1844978,0,ᛏᚢᚱ,73
hom,1844184,0,ᚻᚩᛗ,101
ome,1836420,0,ᚩᛗᛖ,145
fab,1833512,1,ᚠᚪᛒ,160
tad,1823124,0,ᛏᚪᛞ,245
ult,1818913,0,ᚢᛚᛏ,135
bingo,1816037,1,ᛒᛝᚩ,147
eph,1814449,0,ᛖᛈᚻ,133
dion,1808126,1,ᛞᛡᚾ,225
pta,1806962,0,ᛈᛏᚪ,199
sou,1805051,0,ᛋᚩᚢ,63
nur,1803171,0,ᚾᚢᚱ,43
nag,1800091,0,ᚾᚪᚷ,143
hsi,1799923,0,ᚻᛋᛁ,107
yep,1799433,0,ᚣᛖᛈ,213
loth,1798699,0,ᛚᚩᚦ,85
apo,1796013,0,ᚪᛈᚩ,147
sho,1795873,0,ᛋᚻᚩ,83
yam,1793492,0,ᚣᚪᛗ,271
lux,1790295,0,ᛚᚢᛉ,123
wag,1788966,1,ᚹᚪᚷ,133
thud,1788300,1,ᚦᚢᛞ,97
sos,1787344,0,ᛋᚩᛋ,113
ker,1785186,0,ᚳᛖᚱ,91
sud,1784653,0,ᛋᚢᛞ,145
yong,1783650,0,ᚣᚩᛝ,189
mab,1782301,0,ᛗᚪᛒ,229
teak,1753616,1,ᛏᛠᚳ,181
jos,1747991,0,ᛂᚩᛋ,97
tak,1747284,0,ᛏᚪᚳ,169
aka,1745819,0,ᚪᚳᚪ,207
alf,1736027,0,ᚪᛚᚠ,172
mak,1731407,0,ᛗᚪᚳ,181
fem,1714048,0,ᚠᛖᛗ,140
asc,1712024,0,ᚪᛋᚳ,163
jud,1711436,0,ᛂᚢᛞ,129
ens,1700952,0,ᛖᚾᛋ,149
stu,1693293,0,ᛋᛏᚢ,115
ftp,1691616,1,ᚠᛏᛈ,104
ene,1674326,0,ᛖᚾᛖ,163
nis,1674192,0,ᚾᛁᛋ,113
tas,1673565,0,ᛏᚪᛋ,209
sax,1669720,0,ᛋᚪᛉ,197
nip,1666824,0,ᚾᛁᛈ,103
tec,1659927,0,ᛏᛖᚳ,139
sov,1658655,0,ᛋᚩᚢ,63
abb,1658238,0,ᚪᛒᛒ,219
ait,1656895,0,ᚪᛁᛏ,187
kean,1652169,0,ᚳᛠᚾ,151
tue,1651190,0,ᛏᚢᛖ,129
ats,1628664,0,ᚪᛏᛋ,209
fet,1628656,0,ᚠᛖᛏ,128
rei,1619978,0,ᚱᛖᛁ,109
els,1617414,0,ᛖᛚᛋ,193
ade,1613857,0,ᚪᛞᛖ,253
aga,1610522,0,ᚪᚷᚪ,211
pah,1604727,0,ᛈᚪᚻ,163
jot,1603829,0,ᛂᚩᛏ,103
tsh,1603392,0,ᛏᛋᚻ,135
weal,1602202,0,ᚹᛠᛚ,201
ifs,1601980,0,ᛁᚠᛋ,86
nah,1598112,0,ᚾᚪᚻ,149
dum,1592678,0,ᛞᚢᛗ,163
abo,1589592,0,ᚪᛒᚩ,165
edo,1589025,0,ᛖᛞᚩ,163
vac,1581908,0,ᚢᚪᚳ,113
beal,1577331,0,ᛒᛠᛚ,243
kee,1573523,0,ᚳᛖᛖ,147
yeh,1572753,0,ᚣᛖᚻ,193
jed,1565194,0,ᛂᛖᛞ,193
teal,1564622,0,ᛏᛠᛚ,241
peal,1563672,0,ᛈᛠᛚ,225
dor,1560296,0,ᛞᚩᚱ,107
ase,1557815,0,ᚪᛋᛖ,217
pom,1550150,0,ᛈᚩᛗ,121
sib,1542598,0,ᛋᛁᛒ,145
bib,1542492,0,ᛒᛁᛒ,153
rho,1540003,1,ᚱᚻᚩ,41
uri,1540000,1,ᚢᚱᛁ,45
dag,1538664,0,ᛞᚪᚷ,203
pax,1531158,0,ᛈᚪᛉ,187
hag,1526393,0,ᚻᚪᚷ,137
hus,1513602,0,ᚻᚢᛋ,79
tid,1509343,0,ᛏᛁᛞ,179
sma,1506267,0,ᛋᛗᚪ,221
tut,1504535,0,ᛏᚢᛏ,121
ler,1503659,0,ᛚᛖᚱ,151
aas,1499197,0,ᚪᚪᛋ,247
alb,1494997,0,ᚪᛚᛒ,231
ubi,1490113,0,ᚢᛒᛁ,95
hoy,1490007,0,ᚻᚩᚣ,133
sil,1488369,0,ᛋᛁᛚ,157
dab,1486565,0,ᛞᚪᛒ,247
oxy,1486293,0,ᚩᛉᚣ,157
fid,1484630,0,ᚠᛁᛞ,122
doo,1476211,0,ᛞᚩᚩ,103
cog,1470774,1,ᚳᚩᚷ,37
mou,1463764,0,ᛗᚩᚢ,81
mew,1460305,0,ᛗᛖᚹ,157
sop,1455765,0,ᛋᚩᛈ,103
fil,1451919,0,ᚠᛁᛚ,106
wac,1446725,0,ᚹᚪᚳ,129
lys,1443554,0,ᛚᚣᛋ,229
wai,1437677,0,ᚹᚪᛁ,147
neath,1428969,0,ᚾᛠᚦ,143
vid,1427606,0,ᚢᛁᛞ,123
wot,1425498,0,ᚹᚩᛏ,85
jog,1422197,1,ᛂᚩᚷ,61
kip,1417482,0,ᚳᛁᛈ,87
neb,1417477,0,ᚾᛖᛒ,157
ged,1416696,0,ᚷᛖᛞ,173
goo,1414143,0,ᚷᚩᚩ,31
hoo,1413285,0,ᚻᚩᚩ,37
yaw,1412423,1,ᚣᚪᚹ,219
iago,1409445,0,ᛡᚷᚩ,131
bam,1407589,0,ᛒᚪᛗ,229
wye,1379260,0,ᚹᚣᛖ,189
leas,1377206,0,ᛚᛠᛋ,235
bap,1375721,0,ᛒᚪᛈ,201
hex,1374967,1,ᚻᛖᛉ,137
eld,1374484,0,ᛖᛚᛞ,229
rok,1370853,0,ᚱᚩᚳ,31
hes,1366407,0,ᚻᛖᛋ,143
rhe,1366387,0,ᚱᚻᛖ,101
leu,1365996,0,ᛚᛖᚢ,143
boa,1365188,0,ᛒᚩᚪ,165
meng,1360796,0,ᛗᛖᛝ,217
ern,1360142,0,ᛖᚱᚾ,107
yee,1355077,0,ᚣᛖᛖ,237
chia,1353037,0,ᚳᚻᛡ,143
doer,1352571,0,ᛞᛟᚱ,183
nei,1349458,0,ᚾᛖᛁ,127
ila,1344679,0,ᛁᛚᚪ,201
sot,1343731,0,ᛋᚩᛏ,119
alp,1331437,0,ᚪᛚᛈ,213
binge,1325992,1,ᛒᛝᛖ,207
lop,1325562,0,ᛚᚩᛈ,123
hel,1323439,0,ᚻᛖᛚ,163
pye,1317779,0,ᛈᚣᛖ,213
uns,1316725,0,ᚢᚾᛋ,85
fei,1313216,0,ᚠᛖᛁ,100
jai,1309429,0,ᛂᚪᛁ,165
tet,1288067,0,ᛏᛖᛏ,185
rhea,1271082,0,ᚱᚻᛠ,143
nab,1270849,0,ᚾᚪᛒ,187
thei,1263900,0,ᚦᛖᛁ,103
ugh,1263722,0,ᚢᚷᚻ,43
dao,1260377,0,ᛞᚪᚩ,193
ped,1260213,0,ᛈᛖᛞ,199
eft,1256331,0,ᛖᚠᛏ,128
ife,1256036,0,ᛁᚠᛖ,100
eke,1255639,0,ᛖᚳᛖ,147
tou,1253296,0,ᛏᚩᚢ,69
rath,1248703,0,ᚱᚪᚦ,113
hao,1245907,0,ᚻᚪᚩ,127
maw,1245569,0,ᛗᚪᚹ,187
rab,1244067,0,ᚱᚪᛒ,169
ope,1243549,0,ᚩᛈᛖ,117
oboe,1240834,1,ᚩᛒᛟ,151
keg,1240794,0,ᚳᛖᚷ,97
naa,1239758,0,ᚾᚪᚪ,223
hod,1233724,0,ᚻᚩᛞ,119
wir,1230336,0,ᚹᛁᚱ,61
gon,1228394,0,ᚷᚩᚾ,53
pon,1228086,0,ᛈᚩᚾ,79
pfc,1225246,0,ᛈᚠᚳ,58
thar,1220048,0,ᚦᚪᚱ,113
rin,1218917,0,ᚱᛁᚾ,71
lif,1217545,0,ᛚᛁᚠ,106
loa,1213062,0,ᛚᚩᚪ,177
bop,1212498,0,ᛒᚩᛈ,111
luz,1212078,0,ᛚᚢᛋ,129
ose,1205226,0,ᚩᛋᛖ,127
bbb,1204950,0,ᛒᛒᛒ,183
dub,1201399,1,ᛞᚢᛒ,153
jib,1199612,0,ᛂᛁᛒ,129
hoi,1196885,0,ᚻᚩᛁ,61
feu,1193406,0,ᚠᛖᚢ,72
gif,1189286,1,ᚷᛁᚠ,50
yow,1185170,0,ᚣᚩᚹ,129
jem,1185040,0,ᛂᛖᛗ,175
kor,1173885,0,ᚳᚩᚱ,31
moo,1172700,1,ᛗᚩᚩ,85
zed,1171144,0,ᛋᛖᛞ,209
wha,1171066,0,ᚹᚻᚪ,139
wring,1171057,1,ᚹᚱᛝ,109
ake,1170723,0,ᚪᚳᛖ,177
hoes,1169794,0,ᚻᛟᛋ,159
bab,1169597,0,ᛒᚪᛒ,219
foy,1168320,0,ᚠᚩᚣ,112
rial,1167258,0,ᚱᛡᛚ,191
iva,1166982,0,ᛁᚢᚪ,131
hep,1162353,0,ᚻᛖᛈ,133
zig,1161905,0,ᛋᛁᚷ,101
iota,1155778,0,ᛡᛏᚪ,263
tol,1153016,0,ᛏᚩᛚ,139
lod,1149627,0,ᛚᚩᛞ,169
hob,1146751,0,ᚻᚩᛒ,91
nit,1145764,0,ᚾᛁᛏ,119
zee,1140559,0,ᛋᛖᛖ,187
baa,1140299,0,ᛒᚪᚪ,255
fes,1135911,0,ᚠᛖᛋ,122
tuc,1134966,0,ᛏᚢᚳ,75
nar,1134133,0,ᚾᚪᚱ,137
seg,1131312,0,ᛋᛖᚷ,137
hin,1130625,0,ᚻᛁᚾ,83
yat,1126241,0,ᚣᚪᛏ,259
teat,1125839,0,ᛏᛠᛏ,227
nix,1122798,0,ᚾᛁᛉ,107
lep,1120745,0,ᛚᛖᛈ,183
cay,1119887,0,ᚳᚪᚣ,213
sah,1116201,0,ᛋᚪᚻ,173
thong,1108941,0,ᚦᚩᛝ,91
lum,1105066,0,ᛚᚢᛗ,147
vex,1104514,0,ᚢᛖᛉ,117
mah,1102245,0,ᛗᚪᚻ,191
awa,1099462,0,ᚪᚹᚪ,213
ilk,1096664,0,ᛁᛚᚳ,117
rua,1088654,0,ᚱᚢᚪ,111
wah,1088151,0,ᚹᚪᚻ,139
bim,1088130,0,ᛒᛁᛗ,163
meath,1085633,0,ᛗᛠᚦ,185
toc,1080413,0,ᛏᚩᚳ,79
bah,1079996,0,ᛒᚪᚻ,181
fung,1078657,0,ᚠᚢᛝ,84
yag,1077776,0,ᚣᚪᚷ,217
erg,1073958,0,ᛖᚱᚷ,95
rios,1067899,0,ᚱᛡᛋ,171
arf,1066796,0,ᚪᚱᚠ,110
ony,1062882,0,ᚩᚾᚣ,139
isn,1053661,0,ᛁᛋᚾ,113
ima,1050096,0,ᛁᛗᚪ,199
kam,1047053,0,ᚳᚪᛗ,181
bok,1038478,0,ᛒᚩᚳ,81
foo,1030818,0,ᚠᚩᚩ,16
pong,1025799,0,ᛈᚩᛝ,129
poa,1021539,0,ᛈᚩᚪ,147
pug,1020275,0,ᛈᚢᚷ,63
loy,1019981,0,ᛚᚩᚣ,183
bios,1016512,0,ᛒᛡᛋ,221
hic,1014609,0,ᚻᛁᚳ,67
ino,1014202,0,ᛁᚾᚩ,67
nep,1009154,0,ᚾᛖᛈ,139
vox,1007607,0,ᚢᚩᛉ,57
lut,1006262,0,ᛚᚢᛏ,135
umm,1004871,0,ᚢᛗᛗ,145
thet,998759,0,ᚦᛖᛏ,131
ods,994286,0,ᚩᛞᛋ,149
biog,990760,0,ᛒᛡᚷ,185
ufo,990008,1,ᚢᚠᚩ,12
reb,986637,0,ᚱᛖᛒ,139
kon,983682,0,ᚳᚩᚾ,49
poi,981640,0,ᛈᚩᛁ,81
yor,980133,0,ᚣᚩᚱ,121
clio,979806,0,ᚳᛚᛡ,193
taj,978794,0,ᛏᚪᛂ,193
dias,978671,1,ᛞᛡᛋ,249
yap,978014,0,ᚣᚪᛈ,243
dang,977842,0,ᛞᚪᛝ,265
fps,977087,0,ᚠᛈᛋ,98
ream,975260,0,ᚱᛠᛗ,191
doeth,972977,0,ᛞᛟᚦ,177
cel,964572,0,ᚳᛖᛚ,153
cav,961766,0,ᚳᚪᚢ,113
bes,958973,0,ᛒᛖᛋ,181
gat,956351,0,ᚷᚪᛏ,173
toi,947163,0,ᛏᚩᛁ,97
roo,946659,0,ᚱᚩᚩ,25
fez,942868,0,ᚠᛖᛋ,122
pau,938587,0,ᛈᚪᚢ,143
leam,936309,0,ᛚᛠᛗ,253
jag,930491,0,ᛂᚪᚷ,151
lvi,929917,0,ᛚᚢᛁ,107
taa,928036,0,ᛏᚪᚪ,253
fon,927965,0,ᚠᚩᚾ,38
aloe,926083,0,ᚪᛚᛟ,253
syd,922980,0,ᛋᚣᛞ,245
ilia,917387,0,ᛁᛚᛡ,211
ola,915488,0,ᚩᛚᚪ,177
jor,913134,0,ᛂᚩᚱ,55
luv,913025,0,ᛚᚢᚢ,79
auk,911058,0,ᚪᚢᚳ,113
lob,906695,1,ᛚᚩᛒ,141
dex,904047,0,ᛞᛖᛉ,203
toed,897589,0,ᛏᛟᛞ,231
zag,897275,0,ᛋᚪᚷ,167
gam,894752,0,ᚷᚪᛗ,185
lav,890074,0,ᛚᚪᚢ,173
hah,879062,0,ᚻᚪᚻ,143
obi,877846,0,ᚩᛒᛁ,99
sear,877008,0,ᛋᛠᚱ,173
oor,876803,0,ᚩᚩᚱ,25
dian,869355,0,ᛞᛡᚾ,225
haec,868702,0,ᚻᚫᚳ,137
hoeing,868463,0,ᚻᛟᛝ,185
oui,866495,0,ᚩᚢᛁ,41
mim,865658,0,ᛗᛁᛗ,173
thir,863155,0,ᚦᛁᚱ,47
rie,860518,0,ᚱᛁᛖ,109
thad,856625,0,ᚦᚪᛞ,191
goth,851105,0,ᚷᚩᚦ,29
pir,850779,0,ᛈᛁᚱ,85
hei,848253,0,ᚻᛖᛁ,121
kok,843492,0,ᚳᚩᚳ,33
elia,840341,0,ᛖᛚᛡ,247
kol,839663,0,ᚳᚩᛚ,93
naw,838211,0,ᚾᚪᚹ,145
vim,837824,1,ᚢᛁᛗ,105
utc,836945,1,ᚢᛏᚳ,75
thon,835380,0,ᚦᚩᚾ,41
awl,834598,0,ᚪᚹᛚ,189
gos,833144,0,ᚷᚩᛋ,77
fag,826048,0,ᚠᚪᚷ,116
nib,824435,0,ᚾᛁᛒ,121
poo,820878,0,ᛈᚩᚩ,57
wean,819877,0,ᚹᛠᚾ,157
gaia,818867,1,ᚷᚪᛡ,221
sty,818233,0,ᛋᛏᚣ,215
tui,817694,0,ᛏᚢᛁ,93
pyr,813094,0,ᛈᚣᚱ,157
cgi,812165,1,ᚳᚷᛁ,61
veg,811216,0,ᚢᛖᚷ,87
rif,809594,0,ᚱᛁᚠ,44
hoa,805472,0,ᚻᚩᚪ,127
fut,804131,0,ᚠᚢᛏ,64
ket,803641,0,ᚳᛖᛏ,139
jab,803429,0,ᛂᚪᛒ,195
mong,802550,0,ᛗᚩᛝ,157
bion,802300,0,ᛒᛡᚾ,197
cep,798717,0,ᚳᛖᛈ,123
rew,797745,0,ᚱᛖᚹ,97
daw,795639,0,ᛞᚪᚹ,205
tew,793897,0,ᛏᛖᚹ,145
uso,791091,0,ᚢᛋᚩ,63
hys,788923,0,ᚻᚣᛋ,179
tua,782095,0,ᛏᚢᚪ,159
gur,781653,0,ᚷᚢᚱ,31
vying,780484,1,ᚢᚣᛝ,185
tig,778645,0,ᛏᛁᚷ,107
yah,776055,0,ᚣᚪᚻ,223
ingle,774215,0,ᛝᛚᛖ,219
cyr,773603,0,ᚳᚣᚱ,127
nim,772431,0,ᚾᛁᛗ,131
hev,771986,0,ᚻᛖᚢ,93
ahs,768607,0,ᚪᚻᛋ,173
moy,762958,0,ᛗᚩᚣ,181
thay,761240,0,ᚦᚪᚣ,205
pim,759352,0,ᛈᛁᛗ,145
sian,756266,0,ᛋᛡᚾ,189
oka,753861,0,ᚩᚳᚪ,117
pst,751188,0,ᛈᛋᛏ,155
gael,748920,0,ᚷᚫᛚ,191
pul,745703,0,ᛈᚢᛚ,119
urs,745586,0,ᚢᚱᛋ,67
dha,744395,0,ᛞᚻᚪ,209
fot,742617,0,ᚠᚩᛏ,68
amu,737452,0,ᚪᛗᚢ,171
jeb,737285,0,ᛂᛖᛒ,165
awn,728684,0,ᚪᚹᚾ,145
lah,727252,0,ᛚᚪᚻ,193
maa,723582,0,ᛗᚪᚪ,265
viol,722308,0,ᚢᛡᛚ,183
fib,719274,1,ᚠᛁᛒ,94
pec,718675,0,ᛈᛖᚳ,123
lingo,717267,0,ᛚᛝᚩ,159
leal,715583,0,ᛚᛠᛚ,255
ooh,714804,0,ᚩᚩᚻ,37
ssu,714650,0,ᛋᛋᚢ,109
yak,711791,1,ᚣᚪᚳ,213
ags,709515,0,ᚪᚷᛋ,167
kas,704687,0,ᚳᚪᛋ,163
nob,701973,0,ᚾᚩᛒ,97
fop,701511,0,ᚠᚩᛈ,52
tib,700109,0,ᛏᛁᛒ,151
sez,695313,0,ᛋᛖᛋ,173
vue,686976,0,ᚢᚢᛖ,73
phu,683028,0,ᛈᚻᚢ,69
fey,682728,0,ᚠᛖᚣ,172
diol,677128,0,ᛞᛡᛚ,269
leng,676383,0,ᛚᛖᛝ,219
thug,672631,1,ᚦᚢᚷ,25
cud,672292,0,ᚳᚢᛞ,105
nou,671060,0,ᚾᚩᚢ,39
rog,658575,0,ᚱᚩᚷ,35
gab,657539,0,ᚷᚪᛒ,175
yup,657251,0,ᚣᚢᛈ,149
nus,655614,0,ᚾᚢᛋ,85
pho,655268,0,ᛈᚻᚩ,73
gob,653435,0,ᚷᚩᛒ,85
kiang,650233,0,ᚳᛡᛝ,199
yar,649976,0,ᚣᚪᚱ,211
noa,648445,0,ᚾᚩᚪ,133
uva,646266,0,ᚢᚢᚪ,103
mingo,645520,0,ᛗᛝᚩ,157
yuh,644197,0,ᚣᚢᚻ,129
gyn,642714,0,ᚷᚣᚾ,149
floe,642349,0,ᚠᛚᛟ,158
rong,640818,0,ᚱᚩᛝ,97
nux,639859,0,ᚾᚢᛉ,79
shh,634702,0,ᛋᚻᚻ,99
fou,624934,0,ᚠᚩᚢ,12
arn,618559,0,ᚪᚱᚾ,137
eer,617282,0,ᛖᛖᚱ,145
rah,616642,0,ᚱᚪᚻ,131
aly,615571,0,ᚪᛚᚣ,273
rit,613297,0,ᚱᛁᛏ,101
wim,610007,0,ᚹᛁᛗ,121
maia,609141,0,ᛗᚪᛡ,275
ido,607711,0,ᛁᛞᚩ,127
reh,605576,0,ᚱᛖᚻ,101
bung,600737,1,ᛒᚢᛝ,143
swa,600635,0,ᛋᚹᚪ,169
kith,597558,0,ᚳᛁᚦ,49
bong,597160,0,ᛒᚩᛝ,147
lak,596590,0,ᛚᚪᚳ,183
orc,595197,0,ᚩᚱᚳ,31
lith,593746,0,ᛚᛁᚦ,109
hau,591101,0,ᚻᚪᚢ,123
oca,589765,0,ᚩᚳᚪ,117
miao,589728,0,ᛗᛡᚩ,185
gol,586572,0,ᚷᚩᛚ,97
pix,582131,0,ᛈᛁᛉ,121
heh,581860,0,ᚻᛖᚻ,113
mya,580940,0,ᛗᚣᚪ,271
ibo,579121,0,ᛁᛒᚩ,99
gog,576788,0,ᚷᚩᚷ,41
frae,576652,0,ᚠᚱᚫ,114
tye,575829,0,ᛏᚣᛖ,229
xian,573979,0,ᛉᛡᚾ,183
biz,573230,0,ᛒᛁᛋ,145
oba,573089,0,ᚩᛒᚪ,165
sau,572430,0,ᛋᚪᚢ,153
kath,570499,0,ᚳᚪᚦ,115
oon,569968,0,ᚩᚩᚾ,43
ays,569944,0,ᚪᚣᛋ,253
noo,569901,0,ᚾᚩᚩ,43
rix,569546,0,ᚱᛁᛉ,89
oleo,567160,0,ᚩᛚᛇ,121
bru,567009,0,ᛒᚱᚢ,75
boi,565856,0,ᛒᚩᛁ,99
oot,565671,0,ᚩᚩᛏ,73
wos,564655,0,ᚹᚩᛋ,79
glia,563896,0,ᚷᛚᛡ,197
ull,561016,0,ᚢᛚᛚ,149
wok,560696,0,ᚹᚩᚳ,39
mian,558705,0,ᛗᛡᚾ,207
gib,557914,0,ᚷᛁᛒ,109
hwa,553712,0,ᚻᚹᚪ,139
nub,553327,1,ᚾᚢᛒ,93
yum,552745,0,ᚣᚢᛗ,177
dah,552618,0,ᛞᚪᚻ,209
earp,550642,0,ᛠᚱᛈ,163
zap,549154,0,ᛋᚪᛈ,193
gor,548965,0,ᚷᚩᚱ,35
duh,546515,0,ᛞᚢᚻ,115
jut,540005,0,ᛂᚢᛏ,99
gul,538506,0,ᚷᚢᛚ,93
eons,534619,1,ᛇᚾᛋ,123
cru,534458,0,ᚳᚱᚢ,27
mang,533556,0,ᛗᚪᛝ,247
gnu,532974,0,ᚷᚾᚢ,49
lig,529202,0,ᛚᛁᚷ,121
orf,523307,0,ᚩᚱᚠ,20
elt,520501,0,ᛖᛚᛏ,199
brae,519660,0,ᛒᚱᚫ,173
taw,516013,0,ᛏᚪᚹ,175
peon,515842,1,ᛈᛇᚾ,113
nig,510567,0,ᚾᛁᚷ,77
pud,507259,0,ᛈᚢᛞ,135
gath,506638,0,ᚷᚪᚦ,119
alo,505022,0,ᚪᛚᚩ,177
lue,501077,0,ᛚᚢᛖ,143
apia,500244,0,ᚪᛈᛡ,247
nef,496918,0,ᚾᛖᚠ,98
kil,494391,0,ᚳᛁᛚ,117
oke,493264,0,ᚩᚳᛖ,87
yad,492139,0,ᚣᚪᛞ,289
jeu,489866,0,ᛂᛖᚢ,107
caw,486544,0,ᚳᚪᚹ,129
lox,484584,0,ᛚᚩᛉ,127
nog,483843,0,ᚾᚩᚷ,53
sut,482963,0,ᛋᚢᛏ,115
beng,482191,0,ᛒᛖᛝ,207
lud,481806,0,ᛚᚢᛞ,165
kou,478672,0,ᚳᚩᚢ,23
yip,476419,0,ᚣᛁᛈ,177
sey,473924,0,ᛋᛖᚣ,223
puy,471740,0,ᛈᚢᚣ,149
aby,470514,0,ᚪᛒᚣ,261
haj,468725,0,ᚻᚪᛂ,157
mung,467422,0,ᛗᚢᛝ,153
wap,463827,0,ᚹᚪᛈ,159
dud,457855,0,ᛞᚢᛞ,181
oop,457236,0,ᚩᚩᛈ,57
sith,455316,0,ᛋᛁᚦ,89
sik,453378,0,ᛋᛁᚳ,97
neth,452934,0,ᚾᛖᚦ,101
wey,446279,0,ᚹᛖᚣ,189
wyn,445366,0,ᚹᚣᚾ,151
dux,444551,0,ᛞᚢᛉ,139
jat,443667,0,ᛂᚪᛏ,193
lof,439542,0,ᛚᚩᚠ,82
kaw,439262,0,ᚳᚪᚹ,129
suk,438606,0,ᛋᚢᚳ,69
gie,433915,0,ᚷᛁᛖ,115
thoth,433209,1,ᚦᚩᚦ,17
inger,433156,0,ᛝᛖᚱ,157
ule,430102,0,ᚢᛚᛖ,143
tog,430077,0,ᛏᚩᚷ,83
ech,425777,0,ᛖᚳᚻ,103
kir,425008,0,ᚳᛁᚱ,55
miz,422225,0,ᛗᛁᛋ,155
eek,421478,0,ᛖᛖᚳ,147
kop,420990,0,ᚳᚩᛈ,63
hoed,420897,0,ᚻᛟᛞ,195
oms,418192,0,ᚩᛗᛋ,131
faw,417783,0,ᚠᚪᚹ,118
muth,417503,0,ᛗᚢᚦ,79
fah,412023,0,ᚠᚪᚻ,122
koi,408565,0,ᚳᚩᛁ,51
eaux,407869,0,ᛠᚢᛉ,159
bub,405332,0,ᛒᚢᛒ,125
piu,405005,0,ᛈᛁᚢ,77
coz,403188,0,ᚳᚩᛋ,73
ady,402732,0,ᚪᛞᚣ,289
throe,402263,0,ᚦᚱᛟ,99
unio,401948,0,ᚢᚾᛡ,139
nul,401789,0,ᚾᚢᛚ,105
aru,400991,0,ᚪᚱᚢ,111
rud,396205,0,ᚱᚢᛞ,103
heth,393337,0,ᚻᛖᚦ,95
nak,392051,0,ᚾᚪᚳ,139
zan,391955,0,ᛋᚪᚾ,179
dup,390920,0,ᛞᚢᛈ,135
dso,390508,0,ᛞᛋᚩ,149
kep,389440,0,ᚳᛖᛈ,123
winging,388480,1,ᚹᛝᛝ,177
zar,387905,0,ᛋᚪᚱ,161
meu,386381,0,ᛗᛖᚢ,141
poh,383901,0,ᛈᚩᚻ,73
pian,379929,0,ᛈᛡᚾ,179
ula,378750,0,ᚢᛚᚪ,173
linga,375233,0,ᛚᛝᚪ,249
ruc,374276,0,ᚱᚢᚳ,27
hox,373421,0,ᚻᚩᛉ,77
dob,373249,0,ᛞᚩᛒ,157
oom,371932,0,ᚩᚩᛗ,85
gud,371337,0,ᚷᚢᛞ,109
equ,368492,0,ᛖᚳᚹ,99
tux,368452,0,ᛏᚢᛉ,109
fip,366925,0,ᚠᛁᛈ,76
pean,366087,0,ᛈᛠᚾ,181
eave,365613,0,ᛠᚢᛖ,179
jee,365411,0,ᛂᛖᛖ,171
sif,364483,0,ᛋᛁᚠ,86
thow,360372,0,ᚦᚩᚹ,31
kis,359873,0,ᚳᛁᛋ,97
ock,359183,0,ᚩᚳᚳ,33
keng,356071,0,ᚳᛖᛝ,159
uke,354829,0,ᚢᚳᛖ,83
eme,351573,0,ᛖᛗᛖ,205
singe,347996,0,ᛋᛝᛖ,199
neap,346453,0,ᚾᛠᛈ,181
ahi,343765,0,ᚪᚻᛁ,151
lings,343308,0,ᛚᛝᛋ,205
myn,342996,0,ᛗᚣᚾ,203
dingo,341608,0,ᛞᛝᚩ,175
gue,340957,0,ᚷᚢᛖ,87
kha,340476,0,ᚳᚻᚪ,133
dior,339919,0,ᛞᛡᚱ,207
zin,339750,0,ᛋᛁᚾ,113
wus,337970,0,ᚹᚢᛋ,75
kow,337905,0,ᚳᚩᚹ,39
mks,337822,0,ᛗᚳᛋ,137
gau,336910,0,ᚷᚪᚢ,117
ohs,336046,0,ᚩᚻᛋ,83
ulu,335358,0,ᚢᛚᚢ,79
oho,335031,0,ᚩᚻᚩ,37
hak,332832,0,ᚻᚪᚳ,133
twi,328769,0,ᛏᚹᛁ,109
aking,328668,0,ᚪᚳᛝ,189
iwa,328452,0,ᛁᚹᚪ,147
goer,328372,0,ᚷᛟᚱ,111
hoh,328001,0,ᚻᚩᚻ,53
ump,327343,0,ᚢᛗᛈ,117
gid,325611,0,ᚷᛁᛞ,137
erd,324664,0,ᛖᚱᛞ,167
aue,323485,0,ᚪᚢᛖ,167
boh,322051,0,ᛒᚩᚻ,91
pgp,320781,1,ᛈᚷᛈ,103
udo,318789,0,ᚢᛞᚩ,99
rez,318465,0,ᚱᛖᛋ,131
nek,317954,0,ᚾᛖᚳ,109
aeon,317389,0,ᚫᚩᚾ,137
sih,315911,0,ᛋᛁᚻ,107
yas,313370,0,ᚣᚪᛋ,253
avo,312359,0,ᚪᚢᚩ,107
ngai,308826,0,ᛝᚪᛁ,207
nid,307098,0,ᚾᛁᛞ,149
fum,305693,0,ᚠᚢᛗ,76
sak,304436,0,ᛋᚪᚳ,163
thew,302111,0,ᚦᛖᚹ,91
hyp,301280,0,ᚻᚣᛈ,169
hye,300404,0,ᚻᚣᛖ,193
alae,299612,0,ᚪᛚᚫ,271
dings,297551,0,ᛞᛝᛋ,221
vias,296510,0,ᚢᛡᛋ,163
vig,293569,0,ᚢᛁᚷ,51
oud,293052,0,ᚩᚢᛞ,99
haem,291135,0,ᚻᚫᛗ,195
tings,289951,0,ᛏᛝᛋ,191
rak,289245,0,ᚱᚪᚳ,121
teg,287184,0,ᛏᛖᚷ,143
tup,286216,0,ᛏᚢᛈ,105
nop,284697,0,ᚾᚩᛈ,79
plu,284626,0,ᛈᛚᚢ,119
soh,281422,0,ᛋᚩᚻ,83
tav,281347,0,ᛏᚪᚢ,159
dhu,281253,0,ᛞᚻᚢ,115
zat,278057,0,ᛋᚪᛏ,209
sok,275736,0,ᛋᚩᚳ,73
earing,274638,1,ᛠᚱᛝ,199
jingo,272031,0,ᛂᛝᚩ,123
awd,270625,0,ᚪᚹᛞ,205
roes,269589,0,ᚱᛟᛋ,147
aping,263074,0,ᚪᛈᛝ,219
meow,260962,0,ᛗᛇᚹ,131
ush,259308,0,ᚢᛋᚻ,79
vod,258345,0,ᚢᚩᛞ,99
zer,256786,0,ᛋᛖᚱ,131
gyp,256395,0,ᚷᚣᛈ,163
blo,255768,0,ᛒᛚᚩ,141
oaf,255112,0,ᚩᚪᚠ,106
rox,254680,0,ᚱᚩᛉ,65
wiz,253431,0,ᚹᛁᛋ,103
hup,252164,0,ᚻᚢᛈ,69
aah,250328,0,ᚪᚪᚻ,217
eying,244862,1,ᛖᚣᛝ,249
doen,241714,0,ᛞᛟᚾ,201
kui,240775,0,ᚳᚢᛁ,47
vang,238523,0,ᚢᚪᛝ,179
owt,236470,0,ᚩᚹᛏ,85
waw,233027,0,ᚹᚪᚹ,135
voet,232942,0,ᚢᛟᛏ,145
fod,232040,0,ᚠᚩᛞ,98
hinging,231907,0,ᚻᛝᛝ,181
uzi,231644,0,ᚢᛋᛁ,87
vei,230523,0,ᚢᛖᛁ,101
oof,229842,0,ᚩᚩᚠ,16
yos,228842,0,ᚣᚩᛋ,163
kra,228700,0,ᚳᚱᚪ,121
irk,228601,0,ᛁᚱᚳ,55
wop,226353,0,ᚹᚩᛈ,69
ghi,226219,0,ᚷᚻᛁ,71
ilea,224860,0,ᛁᛚᛠ,213
sloe,222751,0,ᛋᛚᛟ,209
baw,221717,0,ᛒᚪᚹ,177
tael,221553,0,ᛏᚫᛚ,233
kua,220207,0,ᚳᚢᚪ,113
gaw,216032,0,ᚷᚪᚹ,133
lur,214538,0,ᛚᚢᚱ,87
arx,214389,0,ᚪᚱᛉ,155
geon,212424,0,ᚷᛇᚾ,87
eking,210921,0,ᛖᚳᛝ,159
oreo,208992,0,ᚩᚱᛇ,59
goy,208151,0,ᚷᚩᚣ,127
khi,206659,0,ᚳᚻᛁ,67
guv,206215,0,ᚷᚢᚢ,23
laer,206166,0,ᛚᚫᚱ,185
tead,205907,0,ᛏᛠᛞ,257
joes,203968,0,ᛂᛟᛋ,173
whoe,203454,0,ᚹᚻᛟ,125
riz,203016,0,ᚱᛁᛋ,95
bys,202622,0,ᛒᚣᛋ,217
khu,202132,0,ᚳᚻᚢ,39
foh,201853,0,ᚠᚩᚻ,32
upo,201531,0,ᚢᛈᚩ,53
ruh,200962,0,ᚱᚢᚻ,37
kye,200589,0,ᚳᚣᛖ,183
oos,198988,0,ᚩᚩᛋ,67
brio,196003,0,ᛒᚱᛡ,179
yod,195918,0,ᚣᚩᛞ,199
kab,193823,0,ᚳᚪᛒ,171
urd,192127,0,ᚢᚱᛞ,103
jpg,191186,1,ᛂᛈᚷ,97
pings,190211,1,ᛈᛝᛋ,175
yuk,187470,0,ᚣᚢᚳ,119
bez,186721,0,ᛒᛖᛋ,181
gim,186573,0,ᚷᛁᛗ,119
feh,186360,0,ᚠᛖᚻ,92
wem,185784,0,ᚹᛖᛗ,157
olio,181394,0,ᚩᛚᛡ,187
thof,180025,0,ᚦᚩᚠ,14
wud,174544,0,ᚹᚢᛞ,111
uvea,173909,0,ᚢᚢᛠ,115
ringe,165488,0,ᚱᛝᛖ,157
ciao,163835,0,ᚳᛡᚩ,127
oping,163615,0,ᚩᛈᛝ,129
yed,163209,0,ᚣᛖᛞ,259
ahm,162767,0,ᚪᚻᛗ,191
tiao,162642,0,ᛏᛡᚩ,173
soth,162520,0,ᛋᚩᚦ,65
zit,162492,0,ᛋᛁᛏ,143
mias,161759,0,ᛗᛡᛋ,231
aias,160516,0,ᚪᛡᛋ,257
alea,158697,0,ᚪᛚᛠ,279
yis,158029,0,ᚣᛁᛋ,187
peh,157819,0,ᛈᛖᚻ,133
toeing,157696,0,ᛏᛟᛝ,221
cion,157413,0,ᚳᛡᚾ,149
moes,156743,0,ᛗᛟᛋ,207
huk,155044,0,ᚻᚢᚳ,39
oum,153663,0,ᚩᚢᛗ,81
laz,153540,0,ᛚᚪᛋ,223
leos,153283,0,ᛚᛇᛋ,167
oys,151075,0,ᚩᚣᛋ,163
ingoing,150667,0,ᛝᚩᛝ,165
wath,150370,0,ᚹᚪᚦ,121
wun,149794,0,ᚹᚢᚾ,51
yot,149275,0,ᚣᚩᛏ,169
eard,148415,0,ᛠᚱᛞ,209
gey,147824,0,ᚷᛖᚣ,187
pyx,146149,0,ᛈᚣᛉ,193
wur,144557,0,ᚹᚢᚱ,33
yez,144110,0,ᚣᛖᛋ,223
puh,143913,0,ᛈᚢᚻ,69
dinge,138242,0,ᛞᛝᛖ,235
pinging,138226,0,ᛈᛝᛝ,201
cuing,136512,0,ᚳᚢᛝ,95
lez,134608,0,ᛚᛖᛋ,193
aht,133545,0,ᚪᚻᛏ,179
laet,131679,0,ᛚᚫᛏ,233
kaf,131151,0,ᚳᚪᚠ,112
vag,130017,0,ᚢᚪᚷ,117
fug,129253,0,ᚠᚢᚷ,22
sial,128375,0,ᛋᛡᛚ,233
ethe,124959,0,ᛖᚦᛖ,139
ewc,124796,0,ᛖᚹᚳ,99
raia,123613,0,ᚱᚪᛡ,215
feal,123593,0,ᚠᛠᛚ,184
lym,121173,0,ᛚᚣᛗ,247
iamb,120145,0,ᛡᛗᛒ,239
wod,119619,0,ᚹᚩᛞ,115
keb,117455,0,ᚳᛖᛒ,141
xis,116426,0,ᛉᛁᛋ,131
xes,114965,0,ᛉᛖᛋ,167
zel,114621,0,ᛋᛖᛚ,193
aery,114227,0,ᚫᚱᚣ,215
erth,112752,0,ᛖᚱᚦ,83
pria,111005,0,ᛈᚱᛡ,161
hez,108676,0,ᚻᛖᛋ,143
brr,108493,0,ᛒᚱᚱ,83
deor,108456,0,ᛞᛇᚱ,141
oik,108439,0,ᚩᛁᚳ,51
winge,106367,0,ᚹᛝᛖ,165
mings,105745,0,ᛗᛝᛋ,203
linge,105668,0,ᛚᛝᛖ,219
tez,105547,0,ᛏᛖᛋ,179
hying,104861,0,ᚻᚣᛝ,205
doeg,104711,0,ᛞᛟᚷ,189
pung,104448,0,ᛈᚢᛝ,125
ceas,104399,0,ᚳᛠᛋ,175
gaed,103748,0,ᚷᚫᛞ,207
piaf,103591,0,ᛈᛡᚠ,152
yeat,103164,0,ᚣᛠᛏ,271
seah,101914,0,ᛋᛠᚻ,185
cang,100015,0,ᚳᚪᛝ,189
jow,99186,0,ᛂᚩᚹ,63
owd,98540,0,ᚩᚹᛞ,115
wro,98009,0,ᚹᚱᚩ,37
waes,97827,0,ᚹᚫᛋ,173
pias,97813,0,ᛈᛡᛋ,203
wuh,97031,0,ᚹᚢᚻ,45
gub,96622,0,ᚷᚢᛒ,81
esth,95659,0,ᛖᛋᚦ,125
poz,95546,0,ᛈᚩᛋ,103
eik,95286,0,ᛖᛁᚳ,111
theat,94793,0,ᚦᛠᛏ,173
gaea,94176,0,ᚷᚫᚪ,215
theb,93461,0,ᚦᛖᛒ,133
hings,93451,0,ᚻᛝᛋ,155
viae,92961,0,ᚢᛡᛖ,177
haen,90298,0,ᚻᚫᚾ,153
moz,89756,0,ᛗᚩᛋ,131
tinging,88997,0,ᛏᛝᛝ,217
wog,88603,0,ᚹᚩᚷ,43
agio,87705,0,ᚪᚷᛡ,221
aecia,87562,0,ᚫᚳᛡ,221
vaw,87426,0,ᚢᚪᚹ,119
froe,87129,0,ᚠᚱᛟ,96
ouf,86639,0,ᚩᚢᚠ,12
awing,83120,0,ᚪᚹᛝ,195
gpg,82554,0,ᚷᛈᚷ,77
wex,82541,0,ᚹᛖᛉ,133
meio,81751,0,ᛗᛖᛡ,245
sye,79596,0,ᛋᚣᛖ,223
thingy,75052,0,ᚦᛝᚣ,187
tuth,74384,0,ᛏᚢᚦ,67
acing,72622,0,ᚪᚳᛝ,189
feg,70753,0,ᚠᛖᚷ,86
yus,70506,0,ᚣᚢᛋ,159
ouk,69378,0,ᚩᚢᚳ,23
thoo,69002,0,ᚦᚩᚩ,19
taen,68818,0,ᛏᚫᚾ,189
rhy,67186,0,ᚱᚻᚣ,137
axing,65902,0,ᚪᛉᛝ,223
guz,64653,0,ᚷᚢᛋ,73
daer,64483,0,ᛞᚫᚱ,201
geat,63206,0,ᚷᛠᛏ,185
kex,62909,0,ᚳᛖᛉ,127
gean,62444,0,ᚷᛠᚾ,155
kue,62376,0,ᚳᚢᛖ,83
nuf,60818,0,ᚾᚢᚠ,34
yob,60549,0,ᚣᚩᛒ,171
ziz,57364,0,ᛋᛁᛋ,137
zad,55022,0,ᛋᚪᛞ,239
eyn,49688,0,ᛖᚣᚾ,199
teth,47812,0,ᛏᛖᚦ,131
ruing,47591,0,ᚱᚢᛝ,93
yead,46745,0,ᚣᛠᛞ,301
eorl,45293,0,ᛇᚱᛚ,125
reos,44815,0,ᚱᛇᛋ,105
eale,42766,0,ᛠᛚᛖ,249
waer,42250,0,ᚹᚫᚱ,131
auh,40708,0,ᚪᚢᚻ,123
dinging,38505,0,ᛞᛝᛝ,247
vum,37639,0,ᚢᚢᛗ,77
taes,36524,0,ᛏᚫᛋ,213
bings,35023,0,ᛒᛝᛋ,193
uang,34646,0,ᚢᚪᛝ,179
wox,34382,0,ᚹᚩᛉ,73
moer,31903,0,ᛗᛟᚱ,165
hoer,31604,0,ᚻᛟᚱ,117
slae,30998,0,ᛋᛚᚫ,227
tyt,30009,0,ᛏᚣᛏ,221
yeth,29480,0,ᚣᛖᚦ,175
aesc,28460,0,ᚫᛋᚳ,167
gez,27952,0,ᚷᛖᛋ,137
zingy,25485,0,ᛋᛝᚣ,235
theah,25010,0,ᚦᛠᚻ,137
gaen,24719,0,ᚷᚫᚾ,147
hoing,24494,0,ᚻᚩᛝ,109
ginge,24371,0,ᚷᛝᛖ,163
spae,23728,0,ᛋᛈᚫ,197
tiar,23387,0,ᛏᛡᚱ,177
wingy,23357,0,ᚹᛝᚣ,201
seax,20179,0,ᛋᛠᛉ,209
tsia,19347,0,ᛏᛋᛡ,219
bleo,19055,0,ᛒᛚᛇ,175
zings,18899,0,ᛋᛝᛋ,185
tingi,17261,0,ᛏᛝᛁ,169
haet,15266,0,ᚻᚫᛏ,183
deaw,13766,0,ᛞᛠᚹ,217
oaep,13054,0,ᚩᚫᛈ,151
mingy,12997,0,ᛗᛝᚣ,253
eyd,12557,0,ᛖᚣᛞ,259
theow,9496,0,ᚦᛇᚹ,65
haed,9448,0,ᚻᚫᛞ,213
gaet,8202,0,ᚷᚫᛏ,177
foen,6769,0,ᚠᛟᚾ,114
peag,6712,0,ᛈᛠᚷ,169
ygo,5694,0,ᚣᚷᚩ,127
eathe,4703,0,ᛠᚦᛖ,181
waeg,3022,0,ᚹᚫᚷ,137
kaed,1861,0,ᚳᚫᛞ,203
