meu,13985,49,1
bios,108998,170,1
area,83336007,8841,1
pim,63403,150,1
ben,7499971,4174,1
www,396903,807,1
seg,49828,109,1
phu,21136,56,1
fay,819989,1124,1
pal,470006,925,1
feh,934,10,1
pre,23328712,4949,1
peg,932572,971,1
odd,7194645,3295,1
dang,27353,97,1
nog,21588,47,1
gey,3904,34,1
old,138808591,14791,1
khu,1544,3,1
moi,129502,283,1
pud,52821,86,1
wud,3463,33,1
yen,1478596,647,1
isn,25966,155,1
asp,176419,383,1
xxx,449848,371,1
ther,651532,1752,1
die,14734503,5759,1
kid,3707992,2238,1
ist,611488,769,1
auk,99314,92,1
pgp,12644,54,1
apt,985570,901,1
eye,21167240,5270,1
hau,21676,81,1
ars,230439,434,1
thus,88819785,13616,1
vox,27297,116,1
using,61278473,11681,1
ebb,633882,389,1
und,3260030,3604,1
ver,434347,991,1
zen,747747,622,1
geat,3366,21,1
vue,34047,83,1
kok,88226,111,1
seax,474,5,1
boo,81932,287,1
nod,1105916,841,1
doc,1570294,1436,1
does,80963673,13311,1
yod,18266,24,1
art,46898972,7639,1
lip,3721366,2141,1
lof,32528,87,1
ghi,12007,39,1
gang,2669089,2090,1
yat,4805,34,1
boi,10296,50,1
mph,242687,332,1
pho,10415,61,1
lur,5812,32,1
apia,35596,89,1
vei,3828,21,1
mou,81471,152,1
tec,113981,219,1
xes,1723,14,1
ons,156812,321,1
bes,34176,129,1
low,89424915,8569,1
owl,1311363,1109,1
iso,847397,898,1
rath,69113,229,1
duh,3334,23,1
vim,33276,130,1
hui,177030,287,1
tin,7709190,3133,1
pung,3866,9,1
icc,429334,626,1
mah,37559,163,1
gig,295714,460,1
esp,527450,946,1
abb,48319,168,1
going,41559122,7099,1
esq,9544780,1748,1
fri,189487,147,1
zer,1916,14,1
xis,1812,15,1
vying,54370,217,1
tic,277515,817,1
tong,143666,359,1
arn,9849,58,1
fut,23942,131,1
kye,3167,29,1
kat,262337,518,1
kip,214919,368,1
yis,2770,21,1
mme,372824,757,1
pur,570474,748,1
poz,4332,9,1
yao,96108,310,1
alia,313278,785,1
gol,24037,76,1
try,10452797,4651,1
bug,1243232,1059,1
ply,525570,825,1
com,6547087,3460,1
xvi,1174499,860,1
bus,10654717,2830,1
eva,999552,1853,1
brae,105441,121,1
kath,49593,110,1
sar,407734,542,1
yeat,3414,13,1
wiz,5515,42,1
ova,246121,390,1
leal,70917,194,1
mel,958172,1075,1
ape,352049,770,1
los,130247871,2127,1
but,816255068,25660,1
dix,469945,489,1
zad,230,2,1
yuk,4476,14,1
hud,855367,877,1
nix,108783,275,1
pip,217789,509,1
nak,22191,64,1
kas,138309,87,1
pry,77272,206,1
kex,3352,7,1
yip,36656,77,1
lion,2654903,2248,1
xian,19829,77,1
hee,410433,725,1
poa,27880,112,1
cor,851230,1076,1
ods,77173,134,1
esth,98,2,1
naa,68519,156,1
hal,1302495,1452,1
rew,42265,104,1
per,201491804,8543,1
dup,6762,43,1
rah,9680,39,1
aaa,404393,621,1
sear,51803,179,1
heap,1002387,1177,1
thew,71978,59,1
neb,723899,651,1
vin,117555,286,1
vum,242,1,1
fab,90190,193,1
cuing,19832,48,1
eft,85398,198,1
beng,8705,45,1
wah,45536,109,1
ane,417231,780,1
cang,707,5,1
sit,5438822,2960,1
rey,279884,470,1
head,65986997,10331,1
inc,72337739,7428,1
tag,1264153,1428,1
off,123072332,13759,1
she,488948016,13466,1
zar,8012,42,1
hak,15818,18,1
jet,5098133,2522,1
dob,6134,37,1
math,3423743,1129,1
dar,275129,410,1
wok,16368,66,1
ooh,14108,55,1
sum,10397601,2228,1
pun,182190,361,1
ags,36543,95,1
div,3389272,1441,1
lah,6060,30,1
teg,6923,36,1
pias,1687,10,1
ore,12439028,3275,1
iff,116869,290,1
thor,193588,592,1
leah,507658,951,1
ult,11044,59,1
len,310456,683,1
lum,46684,221,1
cgi,100267,145,1
bath,6965249,2677,1
piu,19289,53,1
wer,141592,694,1
rev,14786498,3502,1
team,20465784,4730,1
aux,795093,663,1
mat,1384735,1992,1
dad,2808329,2194,1
hot,21234508,6207,1
ale,1258992,942,1
eik,2025,9,1
gim,6366,22,1
hue,1616935,1050,1
ash,4133457,2798,1
lax,561627,754,1
fei,51839,156,1
doer,55436,158,1
dog,11375270,4863,1
faa,756269,731,1
obi,38557,170,1
eds,4105563,2191,1
was,1928764162,25293,1
jingo,17430,62,1
fox,7112724,3523,1
faw,14258,75,1
pee,89677,240,1
ail,369167,1031,1
hob,130639,227,1
death,37741460,6938,1
oon,18227,82,1
bab,61866,152,1
heath,2614014,1776,1
raj,256288,412,1
apa,248690,388,1
thos,604127,853,1
ids,240739,432,1
ears,3740533,2871,1
nat,2488042,1650,1
goa,187011,362,1
ham,1981161,1548,1
wow,156886,233,1
nuf,226,2,1
hath,9055970,3521,1
hah,5319,45,1
beau,444466,755,1
swa,18913,75,1
imp,384383,539,1
hid,1267577,1718,1
tye,63292,165,1
dew,788332,1032,1
poh,6133,21,1
yeah,459033,941,1
arb,111763,144,1
lee,15748981,5119,1
iowa,13111129,2738,1
dhu,18599,40,1
eyn,859,5,1
nip,158623,299,1
sai,71139,292,1
sox,113376,305,1
ers,514626,908,1
sax,178437,295,1
toes,1178487,1151,1
thay,34341,160,1
rho,169202,195,1
cis,711493,682,1
and,18446744073460450784,33495,1
lue,16128,80,1
bee,3783187,2429,1
lingo,82310,231,1
raia,5886,16,1
ahm,1985,12,1
reg,785441,856,1
plu,2156,22,1
deor,5668,11,1
thou,12383592,4479,1
xxv,477633,279,1
easing,474133,623,1
thir,87722,336,1
pta,299845,369,1
nab,64566,215,1
ome,88696,367,1
cay,155203,249,1
liz,692930,1163,1
raw,9277106,3480,1
loc,444637,790,1
oath,2335582,1047,1
shu,70859,226,1
dingo,20937,88,1
rhe,151486,682,1
throe,37043,152,1
sub,27901003,4173,1
ram,1581221,1642,1
nap,477593,415,1
kor,14345,75,1
teak,292870,499,1
hsi,81435,185,1
poo,24600,108,1
kou,7283,27,1
oho,4901,19,1
pic,311621,478,1
mot,138372,434,1
des,11527068,3619,1
yon,1023299,1796,1
bor,123428,360,1
gon,24980,115,1
pon,54769,169,1
col,7383975,3114,1
kue,781,4,1
sue,2311012,2429,1
ewc,4867,17,1
fum,6686,39,1
nib,33779,119,1
vaw,945,6,1
neath,71919,223,1
jeu,19337,53,1
bin,1188515,1429,1
wis,4159243,1736,1
kean,350413,361,1
hwa,14471,45,1
nis,155009,492,1
yar,20107,80,1
guy,6143502,3966,1
bings,248,3,1
wig,397875,586,1
sob,349710,412,1
wun,503,6,1
nox,325487,325,1
kop,9325,43,1
bat,1158614,1922,1
ras,388750,405,1
earp,67257,141,1
soy,549390,588,1
lear,758856,776,1
ard,223156,981,1
swing,2684146,2078,1
sec,8192973,3363,1
asc,139645,232,1
kung,219770,254,1
asa,960724,1276,1
any,580945461,15981,1
ice,16343634,4993,1
hey,1397868,1504,1
thru,1099626,1714,1
tom,11421109,5722,1
suing,296252,391,1
sings,761744,1322,1
hang,2438138,1941,1
emu,161747,320,1
mian,12575,55,1
huk,12453,31,1
abo,146375,195,1
gath,14025,60,1
yus,616,7,1
daer,837,7,1
ads,1150728,1329,1
hoing,2081,7,1
oleo,111998,97,1
wex,5738,16,1
jud,79822,247,1
bac,153617,290,1
ins,3636855,1375,1
gaed,5668,22,1
hoo,196256,164,1
gaw,11014,51,1
rang,1372363,1677,1
moo,36903,110,1
guz,964,8,1
bey,134025,354,1
hos,100770,316,1
thar,138529,270,1
oft,1174900,1999,1
then,257627692,19709,1
floe,57731,201,1
gor,16608,80,1
ems,346853,513,1
sui,157729,399,1
wot,38964,196,1
wey,41886,58,1
dif,163942,339,1
ama,301067,420,1
han,780635,1190,1
see,198507379,16784,1
yag,260841,82,1
ino,34868,138,1
lor,1487126,2645,1
law,200444423,7520,1
veal,839476,569,1
vas,163971,584,1
dinging,2118,13,1
aesc,528,3,1
with,2004424659,29146,1
lvi,82920,76,1
elia,43700,140,1
pom,51728,181,1
that,18446744072244433316,28548,1
feu,188077,127,1
baer,308866,429,1
nep,41379,177,1
peh,2813,10,1
bang,421703,696,1
xii,2053535,1259,1
tez,13865,11,1
row,10083530,3144,1
got,29875177,9594,1
jar,1917653,1222,1
leam,50552,96,1
nah,11922,50,1
teas,628826,636,1
goer,111386,61,1
oct,3915584,2224,1
par,4295362,2617,1
coed,144741,140,1
ssu,14713,49,1
est,2398994,2501,1
psi,629539,596,1
edw,107619,202,1
aft,849605,1213,1
lif,79686,183,1
fer,284769,1066,1
fou,20601,76,1
sith,31974,139,1
mings,1114,11,1
nei,52234,125,1
sean,1027840,1509,1
fur,3603433,2976,1
hem,318789,846,1
coo,130695,373,1
tew,66424,215,1
rot,1276544,995,1
dun,329516,650,1
bingo,210577,360,1
sen,1675199,1432,1
hit,6085544,5044,1
xiv,1353667,1017,1
bung,67807,115,1
toed,257156,199,1
doo,213533,256,1
eff,107825,155,1
ken,2026523,2298,1
thet,71205,405,1
soth,17365,24,1
wyn,47431,89,1
tup,9078,51,1
ree,114276,397,1
mom,2291552,1942,1
urd,6059,20,1
yak,70534,154,1
yuh,31524,146,1
ged,69823,167,1
ust,198799,347,1
sling,320432,502,1
cam,1882702,1614,1
qua,392777,977,1
out,444960745,17990,1
glia,64652,115,1
loa,158521,154,1
wath,7642,30,1
chi,3272974,862,1
amt,138354,221,1
sir,81465375,6401,1
jen,224055,566,1
tra,121631,462,1
oui,58989,160,1
maa,15464,82,1
brio,5736,30,1
beal,264983,354,1
piaf,1782,21,1
ope,61682,220,1
iii,31992744,6023,1
rig,1089242,1070,1
fug,1523,16,1
wear,8551445,3556,1
wil,268273,962,1
vom,53136,186,1
bap,47981,146,1
mab,90812,221,1
earth,21567816,5771,1
dip,1952945,1580,1
shoe,5432714,2337,1
leap,1092098,1139,1
lang,2389067,1314,1
cox,2975662,1988,1
jong,30871,140,1
puy,18197,50,1
bos,208859,272,1
ide,169771,455,1
hez,2985,34,1
tug,832515,1047,1
stu,109029,333,1
pot,4874792,2406,1
pas,555691,859,1
rem,386398,538,1
hex,151410,247,1
cot,435379,702,1
kow,15999,35,1
pol,326166,564,1
oaf,32812,69,1
fes,56052,157,1
pen,3890318,2888,1
lar,308729,823,1
deb,130323,362,1
wingy,806,5,1
van,11664757,4008,1
oat,829745,797,1
zan,15351,79,1
wes,331700,794,1
mus,835757,607,1
net,55430961,3982,1
pit,3909952,2457,1
son,37613970,7037,1
cep,46043,144,1
hoy,142949,292,1
iwa,18869,44,1
eer,27033,77,1
yead,1642,2,1
eale,255,4,1
cho,139798,404,1
not,1214431745,21850,1
rud,18956,47,1
peon,39914,160,1
yeh,34169,179,1
kol,34392,98,1
thoo,344,5,1
ach,266702,447,1
bru,12928,47,1
ohio,35903072,3860,1
ream,60098,178,1
hep,41947,124,1
zed,532342,179,1
nub,30373,79,1
ish,205640,654,1
tol,33261,171,1
rue,1315128,888,1
froe,1261,12,1
fax,2416892,717,1
zion,934027,693,1
eying,14435,99,1
liv,183900,359,1
mud,4936891,2710,1
liar,301899,455,1
thong,127682,215,1
put,33377778,10311,1
haet,271,1,1
pat,2351222,2700,1
mil,398757,873,1
vic,475105,871,1
wan,562064,1058,1
hag,144962,430,1
boh,9810,43,1
liang,106793,334,1
zings,2227,6,1
jem,153945,383,1
bid,3339984,2152,1
sha,109142,410,1
hin,30286,187,1
dit,63510,196,1
you,560289474,18243,1
this,1521410241,21930,1
sip,846280,600,1
ilea,21258,44,1
thingy,3698,28,1
idea,13401098,3970,1
our,410504543,17212,1
wring,50968,150,1
nux,739211,55,1
ats,75525,229,1
ewing,688479,795,1
lan,775166,967,1
moz,10493,6,1
ingoing,11497,60,1
joel,1564294,1752,1
nov,3574848,2142,1
cid,152279,340,1
pst,19916,84,1
awn,78411,180,1
woes,257884,495,1
edo,128192,227,1
leos,10796,22,1
eld,52337,264,1
ngai,4512,23,1
lev,158888,386,1
tap,2009265,1749,1
guv,5008,41,1
gog,21987,82,1
taa,103201,180,1
cud,22645,89,1
new,701571782,16148,1
myn,16143,58,1
lob,113802,168,1
gie,26972,59,1
taj,55720,137,1
elt,21290,93,1
how,118228230,13243,1
vis,2097875,1878,1
jot,60423,135,1
dol,220727,341,1
nul,19942,66,1
dec,4503917,2344,1
umm,16543,61,1
jat,27543,100,1
hei,36027,175,1
yam,286372,441,1
get,60724172,9715,1
nos,3631077,1559,1
tet,59485,120,1
ata,187064,431,1
sex,15551866,4084,1
ays,25108,82,1
hup,8174,28,1
jig,383917,532,1
bay,23741551,4473,1
its,596745925,18883,1
kay,1562674,1755,1
erg,36757,116,1
kil,13508,48,1
oxy,74261,196,1
phi,656431,458,1
zig,132222,193,1
neap,15526,29,1
mang,18734,72,1
air,79005742,8668,1
cow,3690235,2334,1
den,1359389,1541,1
rub,532843,856,1
rez,3127,25,1
tib,22034,64,1
earing,15974,73,1
sus,328520,401,1
pep,177765,350,1
nur,56448,168,1
riot,1228286,1117,1
vos,77891,293,1
toy,2056669,1837,1
dug,1477577,1654,1
eme,9110,32,1
aug,2915686,2059,1
gear,7331664,2707,1
apr,1501483,1279,1
ord,286712,604,1
aff,58317,150,1
dak,47526,140,1
ess,126110,462,1
lac,541705,616,1
zag,301321,196,1
nob,28690,96,1
tub,903803,1044,1
les,4990484,2775,1
rhea,318553,376,1
tui,23411,83,1
nas,272034,496,1
can,413297994,15851,1
rag,665015,891,1
sma,68551,255,1
sla,76859,283,1
gaz,62441,90,1
yet,73898892,12993,1
ace,617450,1199,1
ingot,594274,489,1
fly,7284067,3545,1
thof,9267,53,1
mix,4425991,3006,1
nek,6322,43,1
pear,2545518,1043,1
pinging,17193,67,1
lut,15739,82,1
geon,5359,21,1
ock,18670,47,1
dee,703940,1214,1
goy,10852,37,1
gab,23097,72,1
vii,7384045,2102,1
zeal,1489666,1124,1
myth,2655265,1774,1
fix,2323891,1928,1
haen,411,4,1
aery,16791,38,1
tue,135804,261,1
mid,10001089,2952,1
sam,5946261,4453,1
sin,6917166,2651,1
sic,947455,861,1
age,68969546,7143,1
neat,3371470,2236,1
amy,2157244,2461,1
diaz,432119,688,1
sik,7465,46,1
they,675996007,15954,1
coy,226410,497,1
dear,23959811,4623,1
far,65962312,8205,1
her,696287548,19072,1
heat,35492152,4826,1
god,50768410,6926,1
shi,189620,377,1
fas,212363,366,1
jow,2398,7,1
ony,82172,311,1
rhy,972,7,1
tum,137502,434,1
urs,20765,71,1
leak,1036151,945,1
ule,6277,47,1
sut,11721,56,1
ccc,390130,569,1
hug,552641,693,1
lat,276142,697,1
ant,1667409,1820,1
ric,88450,323,1
gyp,19862,71,1
his,1447300198,22954,1
kin,1115090,1199,1
eke,60777,222,1
tead,5140,25,1
hum,375476,739,1
nit,43269,149,1
now,204243186,17702,1
tur,33256,136,1
ava,264005,637,1
oka,51350,79,1
jap,176318,417,1
mean,33967235,7675,1
ens,42729,188,1
hod,70530,285,1
aby,6240,30,1
tav,4726,24,1
sial,4859,32,1
gan,203894,507,1
rus,86583,278,1
ser,1488724,856,1
tiar,1626,2,1
mow,120203,305,1
maw,85717,261,1
ita,177684,568,1
ket,53255,133,1
olio,6642,22,1
gue,10926,37,1
foo,33325,149,1
cup,11195505,3124,1
gus,467541,1028,1
hev,38482,181,1
jew,2047870,1550,1
ila,65616,203,1
thai,2046390,2288,1
sou,86587,188,1
moy,41522,172,1
oca,19433,91,1
nig,45407,63,1
inger,22203,80,1
aking,4317,35,1
dev,436268,587,1
lay,21080319,7678,1
wod,2339,8,1
yong,66886,227,1
east,88846110,6503,1
tux,43919,95,1
gel,3955022,1123,1
sel,103661,267,1
web,8839964,2767,1
ton,7064597,2495,1
thug,84378,258,1
soc,2505917,888,1
ingle,87802,195,1
app,1738497,1266,1
ifs,74516,200,1
fot,38521,233,1
toi,30620,136,1
var,736217,921,1
rug,1182936,870,1
ron,1564619,2029,1
luz,107285,251,1
dah,7481,29,1
aga,69274,214,1
rox,20824,30,1
arx,7270,19,1
kit,2324883,1951,1
sah,31923,152,1
laer,5277,16,1
nan,421580,902,1
rai,110025,303,1
tis,1454381,1174,1
pro,11192241,4141,1
sur,2169555,1501,1
vid,67401,232,1
din,448487,751,1
rpm,309731,384,1
ups,1385141,938,1
sos,118109,288,1
fiz,7896,23,1
erd,8339,44,1
let,20196437,9200,1
abe,457640,841,1
beak,711411,776,1
lys,52886,173,1
nee,292983,1047,1
amp,2589324,535,1
wuh,2066,12,1
unio,32685,48,1
yez,2831,29,1
rings,5854088,3167,1
abs,377225,528,1
gal,623259,767,1
pfc,97032,250,1
vial,310636,407,1
paw,422542,683,1
gos,38567,74,1
lex,190137,431,1
puh,263,2,1
meg,615668,1010,1
kee,105105,235,1
fry,1459464,1384,1
viol,84424,125,1
upo,10895,64,1
mong,15206,94,1
sty,41478,108,1
sei,218757,192,1
rid,862401,541,1
rec,458450,584,1
theb,680,4,1
jib,166687,226,1
leu,26769,135,1
kon,15412,64,1
goth,55057,187,1
oil,59475375,6867,1
why,54455438,9580,1
gas,47041510,5181,1
real,130172860,8778,1
ecu,538990,243,1
pir,35006,101,1
ubi,51636,294,1
lig,9322,46,1
meath,319461,144,1
map,11286098,3242,1
xxi,636386,428,1
gag,394352,433,1
bur,591844,699,1
med,4537611,1023,1
pew,579211,455,1
rad,107510,325,1
deaw,2101,4,1
gob,32995,108,1
tel,7671073,1542,1
sep,581666,734,1
vol,35683867,2939,1
sting,393265,689,1
que,2216202,1449,1
tsh,291214,206,1
hop,1216079,1157,1
keg,360026,204,1
xix,813163,539,1
eta,199936,387,1
ren,117232,405,1
gau,14763,53,1
orc,35660,152,1
add,16971670,5291,1
rie,29419,85,1
kha,4573,16,1
wed,457613,577,1
tuc,107971,197,1
hom,80136,239,1
rep,2945410,1922,1
lin,581686,1173,1
ceas,3748,15,1
reap,330516,435,1
lui,107460,197,1
ire,274290,952,1
ein,178189,384,1
bong,32674,89,1
sol,815920,1144,1
taen,748,5,1
ray,19003960,4798,1
eating,10449103,3718,1
pyx,11315,37,1
theah,50,1,1
who,571646064,15919,1
ure,156050,486,1
gam,49377,150,1
all,589392677,22291,1
apo,129711,208,1
icing,468747,519,1
rif,46557,125,1
wap,29102,83,1
clio,75571,202,1
lav,64839,176,1
gaia,63927,219,1
owd,4208,24,1
erth,1984,13,1
huh,408678,853,1
eaux,48497,28,1
ida,954234,1692,1
eek,12717,61,1
foh,3039,31,1
rsa,140512,258,1
act,118249704,6358,1
linga,26067,56,1
moes,4451,17,1
tat,146149,442,1
eave,66083,117,1
lap,1298153,1375,1
eorl,1696,9,1
lab,2922792,1854,1
wen,137015,486,1
sap,776866,1109,1
due,71924235,6411,1
uri,112686,298,1
jus,119326,317,1
reb,116312,184,1
bleo,78,1,1
irk,7238,35,1
url,423863,402,1
lbs,839314,386,1
lep,71195,130,1
oreo,28118,43,1
run,27456971,7100,1
aru,19388,50,1
aba,829437,537,1
alo,4901,40,1
gez,1593,5,1
joey,444985,850,1
sed,362216,789,1
ask,15128569,4193,1
fon,41448,140,1
ono,125893,411,1
fra,259492,577,1
iamb,6057,32,1
opt,317677,511,1
tee,1052718,1006,1
goo,77663,281,1
lug,295155,476,1
hat,5910954,3513,1
ching,166336,346,1
boer,344034,520,1
fro,476504,1049,1
ten,32184033,7920,1
tot,229301,553,1
mau,126893,281,1
haed,48,1,1
ast,154694,386,1
diol,67935,95,1
lath,479275,362,1
roi,216232,371,1
uzi,15353,66,1
things,49442673,7961,1
nus,13803,56,1
peak,11077134,3350,1
ski,1960977,1123,1
mias,3093,24,1
gub,2074,13,1
gee,338720,529,1
yas,10706,32,1
oom,9638,44,1
bring,12744816,6116,1
vor,99866,254,1
oos,3737,14,1
git,189015,362,1
era,8061248,3080,1
mum,758255,1179,1
rial,101596,315,1
wai,62963,294,1
rip,364076,747,1
rat,5374018,2235,1
con,6358395,4212,1
kong,2497665,1266,1
uno,109894,215,1
waes,1608,8,1
roy,4401178,3164,1
trio,579452,1047,1
cps,417464,404,1
fod,5727,38,1
wos,26394,162,1
jay,3224936,2408,1
pap,245652,461,1
wus,17816,151,1
asia,12181186,2477,1
gym,668486,637,1
ike,335595,891,1
hoa,25461,82,1
poem,5551354,2398,1
tim,2309665,2566,1
ain,186983,501,1
mob,1396509,1540,1
pith,226928,326,1
sloe,19738,61,1
oping,8535,33,1
wox,252,1,1
ivy,2030247,1395,1
poi,29021,137,1
oot,19163,116,1
miz,52143,136,1
dinge,1329,12,1
yum,25273,57,1
ora,97025,471,1
men,93236268,10835,1
kiang,53882,54,1
roes,17206,64,1
ada,1079008,1545,1
oik,2195,11,1
btu,879755,191,1
jeb,193108,218,1
oud,12395,45,1
aecia,3353,19,1
hie,309404,989,1
hip,2359744,1757,1
gong,268217,361,1
ease,2851027,2249,1
pau,98889,133,1
pes,125428,285,1
agio,1658,10,1
six,61767080,9570,1
peas,2212139,1120,1
kam,42075,148,1
jee,8434,36,1
cav,24914,82,1
dion,160513,422,1
baa,51619,236,1
hoer,2431,5,1
gaea,2534,22,1
pus,735333,715,1
meow,8564,45,1
pax,59358,212,1
bop,90927,245,1
thom,179000,434,1
loo,212054,548,1
wid,180844,691,1
ringe,16452,29,1
mingo,231715,163,1
meat,13238580,3673,1
bog,725573,777,1
veg,51461,104,1
vow,610764,534,1
mya,18804,99,1
sac,2029531,991,1
shy,1461155,1277,1
dor,83243,193,1
heth,32705,89,1
winging,51156,131,1
mac,2153376,2031,1
orr,603842,725,1
nys,117406,131,1
neg,91898,142,1
uang,68,1,1
pet,2716226,2075,1
yee,76204,292,1
lings,23654,50,1
mam,146541,423,1
sad,4837069,2829,1
wur,3312,33,1
mrs,66267595,8260,1
oboe,124999,175,1
bok,169096,195,1
mos,316104,466,1
gaen,821,4,1
slae,265,2,1
uke,9396,52,1
hye,12673,62,1
tit,308267,631,1
aero,740516,466,1
eve,1911006,2259,1
bud,2077556,1809,1
fung,73800,170,1
maia,44933,167,1
tas,218990,210,1
tie,3597374,3634,1
mir,611080,412,1
nar,34686,131,1
abc,1551509,1324,1
pin,4744864,2323,1
yot,3361,22,1
cit,216188,378,1
twi,14032,61,1
wee,1011120,1401,1
gap,7037523,2312,1
seth,1059483,1480,1
och,86673,186,1
sao,405840,296,1
oop,13371,77,1
tai,193400,464,1
lou,1316271,1579,1
read,35863987,7318,1
thad,79224,275,1
shh,13305,41,1
gut,1070748,1234,1
sly,533699,913,1
sau,16419,46,1
lie,11787313,5618,1
zel,2005,9,1
lung,14439454,1648,1
daw,37971,143,1
rye,2933577,1137,1
yos,821,9,1
ahs,66359,76,1
som,115314,468,1
thoth,35319,87,1
mem,846838,882,1
twa,272491,503,1
khi,1981,7,1
dos,1720338,779,1
mao,785559,1078,1
linge,2327,13,1
brr,739,5,1
vod,22456,47,1
long,182648899,13575,1
yrs,82736,122,1
tad,163939,516,1
fad,206966,411,1
yun,86101,223,1
ginge,73,1,1
oda,158111,285,1
rob,1301918,2109,1
oke,24013,84,1
fear,15165547,4380,1
meng,53671,159,1
did,104837592,15295,1
yang,640518,901,1
mead,1180293,1256,1
aah,4264,24,1
hir,155360,568,1
bion,45016,143,1
cong,245693,408,1
led,15188439,8044,1
day,115625686,11213,1
vet,542707,594,1
tid,128455,72,1
pean,44212,119,1
him,418696144,12156,1
arm,15502589,4610,1
mai,165504,619,1
cel,41358,88,1
etc,86711364,14014,1
roo,72246,152,1
ill,23108366,5296,1
tuth,45,1,1
vias,35007,69,1
pig,3327707,2245,1
sud,121270,200,1
wong,351655,658,1
pings,6309,47,1
ima,42918,169,1
jung,523787,807,1
ous,370350,871,1
uva,37469,104,1
ker,263237,262,1
use,110499777,13091,1
bal,177460,359,1
lam,192328,540,1
ala,3933081,1369,1
sis,245348,549,1
sov,35445,105,1
rut,89746,288,1
avo,8156,42,1
gean,2478,13,1
key,30805605,4832,1
flea,1253919,477,1
lad,1851828,1746,1
coz,42431,70,1
both,168244989,19227,1
ola,36138,168,1
owt,4343,44,1
are,1486388948,25090,1
ions,4824817,1379,1
bet,890534,1216,1
bear,12507836,5377,1
wad,129746,368,1
lis,287992,922,1
eons,55384,99,1
fem,78808,184,1
ilk,36565,175,1
thow,6724,46,1
peat,1141453,1222,1
ler,85643,288,1
che,321923,882,1
feal,12365,22,1
saw,24495322,9989,1
ole,364912,734,1
dings,5903,45,1
ger,261816,388,1
sang,1621003,2377,1
oar,517105,831,1
ufo,118803,240,1
lux,129859,304,1
bow,6317824,2840,1
awe,1130996,828,1
waw,13600,31,1
ahi,8925,56,1
own,137908706,9428,1
teal,211304,382,1
san,39887059,3382,1
bag,8859617,2907,1
wim,55156,77,1
toeing,19482,39,1
ban,1210336,1427,1
dal,134781,405,1
ose,29857,206,1
tip,4692617,2885,1
rei,55042,186,1
fps,32235,111,1
dub,74423,242,1
mor,175313,466,1
theat,1422,10,1
rear,5429389,2896,1
sih,5554,24,1
beg,1693313,910,1
say,53331802,10264,1
ate,2554177,3051,1
ringing,1019257,1420,1
egg,10130132,2842,1
mas,349207,674,1
thon,47369,144,1
doeg,6912,23,1
ted,2666514,2589,1
aue,15682,53,1
ref,932723,698,1
sot,48805,260,1
yaw,163257,248,1
sup,751171,802,1
thud,156006,287,1
mag,496004,566,1
fie,91748,379,1
miao,34183,97,1
hrs,190876,281,1
hying,7241,48,1
loeb,422472,440,1
seah,3754,9,1
ort,70216,309,1
ife,166759,163,1
fed,8065221,3814,1
dot,2319987,1727,1
feb,3328341,1993,1
sye,4414,7,1
fan,4760271,2859,1
lib,935753,685,1
tes,116411,367,1
doing,20996093,5840,1
fop,44017,173,1
gun,9037719,3480,1
fob,438445,762,1
doth,3263664,2447,1
lon,380422,767,1
cos,429241,815,1
meio,448,2,1
noes,380293,133,1
hus,86474,242,1
kim,1409999,2168,1
hoeing,150531,225,1
roc,354240,338,1
min,3492959,1915,1
yin,226043,417,1
pian,13915,60,1
tig,48335,82,1
del,5589352,2324,1
ern,252448,332,1
mal,297699,833,1
fez,51874,152,1
blo,3414,25,1
sal,369015,879,1
fet,125635,265,1
mung,19183,67,1
gil,506368,806,1
ich,111832,499,1
bon,615109,637,1
zingy,1895,13,1
alp,84896,241,1
bun,253219,470,1
seal,5946110,2785,1
pion,530897,255,1
set,60215582,10993,1
tow,648747,1057,1
bye,724280,857,1
biz,28585,103,1
ulu,10800,43,1
awd,6690,24,1
yor,57171,178,1
tiao,1818,7,1
war,75843934,7484,1
tex,9068758,1763,1
jin,155439,374,1
dry,31639762,6295,1
aria,183849,451,1
aging,2723222,2059,1
una,345882,790,1
flu,205951,390,1
gar,134539,379,1
lias,571186,1044,1
fag,46511,140,1
lid,1446786,1373,1
sew,334163,536,1
rum,1213674,1089,1
nor,63758732,16440,1
hut,2012888,2502,1
rim,2450235,1717,1
ges,30668,88,1
ase,81744,237,1
shea,476073,553,1
jed,232059,499,1
ula,11315,42,1
haec,34515,129,1
hes,52156,272,1
owing,6419899,3306,1
teth,1988,6,1
peag,763,3,1
hyp,6194,17,1
ibn,311103,408,1
nye,1123438,499,1
ugh,16947,104,1
each,217322851,14965,1
hic,43409,184,1
bias,4527259,1778,1
uni,410261,566,1
binge,444894,243,1
gid,29333,58,1
sun,17521214,5181,1
sil,45282,150,1
deal,9371945,3384,1
toc,66594,180,1
pong,127913,101,1
bib,78616,203,1
wei,208842,506,1
feat,347344,473,1
dan,4025157,3412,1
cab,2184813,1328,1
eats,845621,1002,1
kab,1481,11,1
pos,528047,428,1
ido,22709,57,1
ciao,3870,14,1
aye,371333,868,1
bit,23743899,4880,1
seam,1190639,1010,1
mig,126415,184,1
cru,16159,53,1
las,3422965,1076,1
jag,74049,170,1
box,28486731,5627,1
hong,1576239,1130,1
fah,5691,14,1
arf,45225,143,1
tun,121536,376,1
pug,66897,196,1
hon,6537976,1820,1
dior,15400,89,1
pad,2002014,1559,1
das,570673,1005,1
ark,1989628,1156,1
dum,70648,207,1
sod,733409,851,1
ech,13171,58,1
mee,205422,510,1
sky,8077542,3551,1
jaw,2118320,1620,1
hmm,73272,159,1
joes,55962,42,1
yeth,1318,2,1
thee,13081798,3526,1
hen,1275022,1770,1
gpg,3267,16,1
lil,140286,351,1
ady,19013,100,1
kith,33082,69,1
voet,5401,33,1
winge,1622,15,1
gad,131370,250,1
song,8752173,3982,1
whoe,11643,78,1
bez,4835,13,1
kan,1695433,764,1
nam,404932,621,1
mug,635430,500,1
sow,744769,894,1
boeing,287122,651,1
nou,6569,48,1
thro,308005,898,1
urea,949753,729,1
eel,376340,647,1
dey,275056,473,1
ley,321934,542,1
vex,76010,165,1
mad,3541377,2672,1
koi,9399,52,1
easy,20373018,4316,1
reh,10937,18,1
kang,61643,245,1
too,131866158,13688,1
ber,596098,1131,1
sho,89463,374,1
nop,15800,47,1
dingy,514594,711,1
arc,8891792,5006,1
neth,39086,34,1
sion,1190907,983,1
hoi,140931,143,1
lew,305641,774,1
tinging,8860,46,1
theow,152,3,1
gyn,23364,39,1
fib,45290,131,1
dung,699092,666,1
lak,21798,82,1
lop,61126,214,1
fog,2320067,1534,1
ped,23430,109,1
kui,4013,26,1
oak,8291265,2852,1
fip,10279,61,1
eking,12310,49,1
aping,19627,91,1
tinge,738321,437,1
diam,155346,230,1
pox,488586,362,1
zit,2079,22,1
rom,1784162,1560,1
tar,1970428,1567,1
nom,87041,203,1
vie,251778,604,1
haw,100457,316,1
few,57602526,9190,1
mim,44688,108,1
log,6430525,2635,1
lye,221157,453,1
earn,2089334,1042,1
uns,59607,101,1
nim,30329,145,1
dead,24412112,6749,1
bum,210599,611,1
rak,6750,29,1
way,107101946,10261,1
lean,2485365,2244,1
non,72761125,8165,1
dye,2756114,1645,1
oum,3262,20,1
syd,67352,230,1
aly,32744,121,1
cop,824272,1226,1
may,421642306,15795,1
zoo,773695,722,1
ouf,1233,14,1
von,6469219,2606,1
nid,4533,27,1
lead,26308324,6486,1
hym,127641,367,1
cal,6210525,2342,1
ave,11648755,2698,1
ado,579941,258,1
ary,475467,583,1
wha,55073,216,1
yeas,2492794,94,1
sok,6036,16,1
pec,34274,123,1
noel,1308984,1211,1
bas,1330928,743,1
til,177469,659,1
cue,581762,862,1
nay,2350685,2476,1
tam,196741,568,1
fling,289985,498,1
axing,2697,14,1
dex,62250,219,1
kra,23767,15,1
soh,2239,17,1
elk,1424336,1075,1
wir,42145,60,1
dong,137176,323,1
ewe,236443,419,1
thaw,1068976,458,1
luc,517314,479,1
het,91977,277,1
eli,704325,1323,1
spa,1169930,783,1
hao,46066,139,1
pis,30107,119,1
bys,8229,18,1
eyd,178,2,1
lot,11102409,3463,1
nut,2614042,1896,1
pie,2490220,1439,1
iva,76073,216,1
won,6932268,4438,1
rex,1104763,1474,1
wet,11304386,4254,1
hoes,254100,281,1
bom,724217,970,1
ity,301278,690,1
awl,275995,179,1
sez,23546,84,1
tsia,275,3,1
loy,46802,209,1
tung,280107,432,1
val,555051,1123,1
equ,8510,40,1
lym,2520,14,1
beth,1709259,1896,1
qui,641906,1231,1
fil,47849,145,1
ene,141450,215,1
ego,1716861,1457,1
tab,2229118,1067,1
zee,135639,219,1
yad,5903,25,1
ull,16573,122,1
yup,4074,24,1
pyr,9479,19,1
hoed,34514,97,1
jpg,16168,15,1
fun,2929577,2177,1
elm,2377425,869,1
waer,736,5,1
zip,415082,504,1
een,159614,485,1
ziz,2585,6,1
win,3589953,2751,1
ell,159848,454,1
uso,35595,128,1
car,37842819,5967,1
rong,29978,83,1
wog,3558,14,1
vang,4857,24,1
mun,111690,226,1
alae,55381,55,1
neon,1054866,715,1
fin,4514617,1460,1
wac,45075,129,1
bad,23574592,5961,1
teat,99386,268,1
for,18446744072481975620,28363,1
der,2923801,2425,1
foy,190372,244,1
aeon,24109,64,1
dial,1715374,1364,1
don,8592621,4355,1
bah,27449,38,1
ali,1277848,1676,1
els,119294,195,1
tang,338921,755,1
meal,8772506,2551,1
baw,7566,16,1
doeth,36142,148,1
aim,4337902,1692,1
amu,13973,60,1
max,6911498,3683,1
singh,641173,956,1
keb,352,5,1
orb,294937,490,1
lud,20566,42,1
owe,970434,1277,1
tor,2386810,3521,1
kua,4107,12,1
lao,332732,568,1
thei,75270,430,1
cry,5085219,2568,1
plea,4051765,1044,1
cum,1211719,1814,1
jon,1148390,1637,1
fiat,464313,925,1
rel,215328,477,1
roth,1177762,1081,1
dian,67247,264,1
auf,135929,277,1
lying,11387718,5319,1
jor,61714,294,1
suk,16575,49,1
orf,23170,96,1
ush,8601,16,1
pow,257044,379,1
pul,19248,88,1
utc,26622,103,1
nag,120981,275,1
foes,749159,939,1
thin,21190672,5365,1
heal,1278584,784,1
cling,396625,635,1
yah,16371,44,1
ethe,1446,19,1
taes,576,5,1
rap,559573,685,1
sag,587557,416,1
lim,197118,539,1
zur,209016,240,1
mks,56951,26,1
naw,20013,58,1
als,328459,889,1
rix,80197,138,1
cut,29993498,8586,1
gra,37331,151,1
wry,196191,353,1
end,50314034,9153,1
viae,2175,13,1
ere,1442264,2775,1
red,61889330,9681,1
wat,113696,407,1
ind,5483080,3246,1
one,656053130,22453,1
vag,5202,14,1
err,395849,323,1
mol,292260,447,1
moer,994,4,1
ohm,274748,259,1
sak,12217,18,1
iota,41646,107,1
hung,4316147,3852,1
taw,33912,84,1
bot,203163,507,1
dias,89433,185,1
vat,846874,824,1
zap,26399,70,1
jab,74040,164,1
ibo,67794,161,1
tingi,92,1,1
yob,1219,8,1
axe,1539922,1232,1
gin,1802204,977,1
alb,41249,78,1
kis,13928,54,1
aht,2207,9,1
ohs,25492,60,1
tal,321240,759,1
fam,91443,213,1
awa,71294,198,1
mar,2583542,2292,1
woo,139690,485,1
hinging,17555,88,1
cha,100550,369,1
tod,210790,439,1
lai,194354,468,1
rung,599728,514,1
gao,1766273,615,1
noo,16605,94,1
aro,293496,1038,1
seas,4213788,1825,1
awing,3294,27,1
mop,234993,376,1
goes,23352605,6467,1
tao,119178,338,1
nun,529137,797,1
hay,6064786,2621,1
icy,1021164,1207,1
ami,833966,2872,1
aid,21302156,4253,1
mic,207668,440,1
kaw,108108,62,1
quo,10306905,673,1
hear,9005666,4052,1
bis,1672395,2481,1
feg,2547,9,1
pang,323390,360,1
dha,34065,112,1
dom,810451,929,1
bar,21794300,5719,1
lez,7662,20,1
wings,4931886,3142,1
singe,11986,66,1
had,822442990,20817,1
dam,7645228,2401,1
gov,1421727,1027,1
jog,153911,272,1
fen,202370,422,1
ame,210481,315,1
aka,92678,519,1
doen,5089,21,1
leon,2134003,2192,1
ira,1125917,1547,1
leng,21854,91,1
oys,2055,12,1
rok,116387,216,1
ani,278242,624,1
two,279707389,17366,1
dim,2185635,1861,1
tael,23253,43,1
ilia,26040,200,1
bbb,68916,171,1
kaf,4782,13,1
job,38683823,4911,1
meth,87168,223,1
jun,1075021,1059,1
mak,87868,248,1
alea,2146,12,1
att,160744,549,1
boa,81032,216,1
aha,110032,215,1
cat,5640788,3679,1
ned,920841,1592,1
obs,121228,196,1
ade,82459,296,1
tog,16947,50,1
keng,4572,20,1
wro,1367,7,1
jur,66515,91,1
scr,104140,260,1
une,928107,787,1
nec,725491,939,1
fang,195768,481,1
bed,18550683,5449,1
spy,1526505,1130,1
hys,48794,225,1
alf,184847,426,1
ass,1739894,2082,1
eard,3494,24,1
moth,1331862,990,1
bam,45892,196,1
gnu,46968,67,1
dso,7832,63,1
tan,1334606,1965,1
kai,223894,537,1
vig,8174,24,1
jan,6138190,3299,1
jug,509674,497,1
ann,8728908,4573,1
koh,153190,245,1
dying,5324971,3258,1
rib,1295976,1130,1
hinge,921459,919,1
bro,382284,517,1
lei,163869,298,1
hel,31669,175,1
sey,15987,57,1
joy,5120128,3291,1
gat,28695,161,1
sung,1148286,1288,1
yes,14796677,5737,1
peal,202982,297,1
oaep,294,2,1
jos,461088,865,1
buy,7535194,3772,1
dig,1238117,965,1
duo,255497,672,1
mit,583987,956,1
ara,104751,358,1
poet,9346841,3348,1
bead,765690,1110,1
yed,1575,12,1
deaf,1660940,1139,1
bel,441886,546,1
rab,78219,191,1
tua,36558,116,1
oas,172057,333,1
deg,190098,353,1
being,277908283,16835,1
dud,37535,89,1
tings,6949,51,1
cyr,48852,185,1
ute,358407,355,1
zin,6603,33,1
rua,97385,166,1
wean,71041,121,1
luv,5927,36,1
elf,344408,640,1
dag,67757,197,1
beam,10268069,2911,1
fit,10858861,4708,1
path,16039981,3715,1
gem,1352906,1052,1
kep,7337,37,1
hoh,13927,33,1
gay,6770767,3809,1
them,388550442,13660,1
cub,305894,481,1
sim,207987,564,1
ump,10239,59,1
yer,588247,1154,1
dis,4361473,1989,1
leg,6348288,3025,1
leaf,13583188,3690,1
hog,1805987,1196,1
loth,134542,199,1
bod,192840,338,1
kir,31672,56,1
lod,52674,80,1
haj,11642,68,1
ruh,4478,25,1
udo,15845,72,1
yap,63526,164,1
ago,11178639,3532,1
spae,1973,3,1
gur,28696,105,1
gum,3538730,1651,1
bob,6227093,4289,1
gael,63428,159,1
jai,55087,141,1
reos,778,7,1
ans,185731,392,1
rin,36237,151,1
mes,166266,388,1
acing,765,13,1
syn,134171,285,1
ana,1456772,3060,1
vac,61011,134,1
weak,11115852,4565,1
chia,62241,153,1
big,37769611,8374,1
tri,1841237,866,1
aias,7232,41,1
cur,308506,895,1
bra,304596,442,1
lag,2127892,930,1
ops,334608,403,1
ink,3410489,1856,1
man,124508275,11940,1
fir,3821516,1291,1
hun,145259,431,1
mingy,816,4,1
wem,5217,24,1
inn,5446004,2112,1
fig,13132500,3770,1
jim,6979709,4463,1
ake,227126,174,1
wop,19142,45,1
frae,58487,279,1
hings,1801,18,1
iago,163089,343,1
dean,8221842,3525,1
dab,98116,204,1
urn,827973,733,1
lith,37087,73,1
has,746570168,19401,1
leas,76634,276,1
mod,245652,566,1
beat,3879312,4228,1
near,82777084,12499,1
sid,368615,827,1
pam,468407,1011,1
pak,211106,417,1
aloe,57010,182,1
wang,614285,1185,1
biog,22266,46,1
gen,5616450,2699,1
fey,45440,192,1
aus,185097,387,1
res,5937032,1577,1
hew,514142,688,1
cap,6806332,3534,1
sri,531183,799,1
flo,154483,423,1
sie,49368,111,1
laet,2612,17,1
sif,11833,57,1
tak,53156,171,1
neal,974078,1238,1
dow,607016,1049,1
wit,3434967,3093,1
gud,33630,39,1
muth,27052,94,1
jut,23207,113,1
weal,1043130,180,1
cod,1285747,1225,1
ruth,4004648,3634,1
yow,72911,218,1
yep,16456,75,1
aix,83881,167,1
alt,398213,678,1
jam,915714,1109,1
rod,8319507,3095,1
wax,3640777,2177,1
pub,2812649,1672,1
rios,74660,203,1
laz,4047,22,1
pup,211035,467,1
rog,12644,58,1
zat,3254,32,1
oof,1418,12,1
ouk,698,6,1
ode,408468,452,1
yan,119991,327,1
than,530675247,21559,1
vhf,223024,304,1
oor,36057,196,1
ran,12111603,6002,1
mew,261263,276,1
dei,328422,453,1
year,215510526,7786,1
jean,10038136,4179,1
lit,2773744,2988,1
tau,186827,333,1
haem,24938,60,1
yew,281772,396,1
tut,59578,157,1
riz,4286,23,1
hub,984249,1020,1
gib,35509,134,1
fee,14177640,2151,1
kings,9282920,2613,1
pye,223797,296,1
gis,402679,625,1
lox,36546,99,1
sat,13008267,5824,1
pod,618823,776,1
pei,64496,232,1
boy,29265470,5887,1
mis,811311,1064,1
pan,4413623,2803,1
nie,125139,273,1
caw,22157,90,1
noa,18100,82,1
rit,12730,66,1
cog,241290,250,1
ito,175778,424,1
wag,142119,466,1
ely,877528,883,1
tou,32650,133,1
bub,17751,81,1
def,150901,332,1
pah,86085,244,1
aas,88464,145,1
raf,360605,545,1
gif,89154,127,1
wye,231944,214,1
nil,817615,1000,1
ruc,26961,82,1
pop,1979900,2303,1
tying,536401,1114,1
siam,692486,581,1
hap,337505,351,1
earl,7875658,3014,1
uvea,9199,29,1
dux,32066,88,1
met,14649305,7273,1
heh,11345,37,1
bean,3833319,2018,1
fat,11663291,4345,1
pay,33174181,4900,1
tax,140782241,3994,1
cion,4109,20,1
pix,14510,68,1
ftp,375788,224,1
cad,747550,601,1
hox,12254,39,1
tay,201251,273,1
ait,70263,235,1
sop,54090,194,1
bim,98349,332,1
ruing,648,6,1
eph,49761,117,1
sig,134136,367,1
seat,13655750,3710,1
dod,1034190,817,1
oms,18965,61,1
pria,473,6,1
gul,15855,70,1
nef,23296,69,1
cob,125390,387,1
hoc,1106709,855,1
sib,164713,200,1
singing,5336346,3729,1
top,21582695,6374,1
mon,1652182,1266,1
ism,171707,362,1
tcp,298717,441,1
sian,78135,228,1
mer,346645,612,1
oba,20919,72,1
fid,93548,143,1
tear,2543548,1866,1
dao,51466,149,1
abu,378126,593,1
