apr,9464920,336,1
goth,329600,106,1
wee,2140541,350,1
wath,34009,26,1
peag,1122,4,1
mid,10928266,497,1
new,292098148,1428,1
lap,13501748,254,1
lip,10100660,292,1
naa,261188,66,1
dex,250105,101,1
wro,20926,28,1
yuh,215236,156,1
rog,163576,63,1
ceas,22198,29,1
ver,6127934,396,1
mig,556854,128,1
dingy,556298,93,1
ped,531888,118,1
bag,14788909,435,1
dev,4028247,249,1
jingo,60366,41,1
bah,567478,88,1
kas,571769,56,1
obs,2403521,118,1
fun,15511323,364,1
kor,139661,92,1
wat,973837,308,1
bias,7223779,284,1
trio,1037972,160,1
brio,141830,27,1
yeah,9252693,265,1
leam,241451,52,1
wings,15910433,359,1
rios,376523,64,1
ran,31643867,1083,1
gym,1330292,126,1
lil,620309,169,1
kai,883097,297,1
vet,3806611,259,1
dum,680872,141,1
sou,613621,187,1
bong,234402,121,1
dso,78762,43,1
real,73303912,763,1
tin,10728761,634,1
thoo,16166,40,1
sky,16842864,331,1
ego,4632299,223,1
dag,399386,133,1
mun,1142544,253,1
ons,1255417,218,1
kep,196092,74,1
fad,607354,135,1
ule,79718,46,1
seam,1906332,201,1
mew,245080,94,1
hoa,197742,102,1
liz,1251781,220,1
sob,1112109,93,1
raj,679100,150,1
hoer,5999,7,1
rug,1597518,149,1
thaw,635918,105,1
sic,2124733,297,1
teak,489572,109,1
aff,2264249,139,1
jat,77499,54,1
jed,485217,141,1
wring,343893,80,1
sial,16862,21,1
wox,4230,12,1
keb,74048,15,1
box,32780434,742,1
lang,3007418,390,1
cion,40799,30,1
taes,6234,10,1
yed,25862,30,1
mingy,2738,20,1
jib,408888,76,1
yaw,511783,108,1
vias,81093,39,1
lop,422139,127,1
elk,1865351,198,1
nil,3926945,287,1
tam,1119857,285,1
dol,1193500,133,1
bun,782632,204,1
sih,79526,33,1
sri,2062403,242,1
eli,1564148,260,1
lew,762481,203,1
bod,645935,136,1
urs,158108,48,1
hun,1115341,216,1
dux,66458,62,1
lath,616781,113,1
yap,305011,105,1
ruth,6356143,435,1
wad,415814,159,1
hev,192015,86,1
heap,2323433,200,1
ram,3811916,399,1
ker,459907,174,1
oping,9060,17,1
sol,4238506,357,1
eaux,388297,32,1
bit,15311273,647,1
wang,4199504,378,1
der,18119637,716,1
bap,1075787,77,1
sue,6864684,368,1
ton,40021535,764,1
xis,26948,14,1
gez,9172,6,1
thon,155398,98,1
ort,457977,155,1
pot,7505588,412,1
seth,1788324,262,1
las,1733059,381,1
dings,79025,78,1
ens,700614,217,1
mad,14939845,439,1
ebb,1869675,108,1
oof,55849,39,1
due,80945712,1090,1
may,576870618,1800,1
hath,17248662,602,1
alp,281937,97,1
abb,1097873,77,1
kex,12179,9,1
eathe,225,1,1
net,29571260,718,1
sax,621946,129,1
tying,1575997,229,1
bum,943159,190,1
deaf,5850760,205,1
elf,607827,171,1
fey,153396,84,1
rel,9940615,210,1
olio,33436,27,1
yar,125445,70,1
dup,112208,38,1
lis,1410877,292,1
pal,3069909,289,1
shy,4130427,218,1
wong,1212650,312,1
wingy,4950,9,1
singe,91486,76,1
faw,128133,50,1
hong,3560437,481,1
lear,1418977,179,1
ita,481297,190,1
rung,1641636,163,1
lui,635075,163,1
aecia,26161,17,1
tyt,4153,8,1
sam,13484050,660,1
can,945637451,1828,1
beak,2143970,117,1
gaen,5624,15,1
dom,3043163,271,1
row,18358180,472,1
fang,910318,235,1
waw,65744,40,1
buy,25654092,414,1
biog,1202612,28,1
yob,11540,15,1
cep,126211,58,1
erd,62967,41,1
lias,663287,263,1
pian,68477,59,1
vue,67686,39,1
cru,118185,60,1
zar,81150,45,1
tab,5195689,264,1
sak,64261,55,1
ease,18628603,321,1
fiz,2190510,42,1
ten,58403872,1003,1
gag,726366,135,1
geon,68931,36,1
den,11026213,654,1
bingo,674695,119,1
gog,127070,61,1
lax,1232732,155,1
eft,379109,132,1
bos,667195,124,1
taw,105135,66,1
seax,5581,6,1
lin,4816806,506,1
gaw,40892,34,1
tead,40041,36,1
med,30018841,527,1
vei,50417,40,1
iota,661906,62,1
twa,607269,157,1
aba,1118729,150,1
singh,3374060,260,1
tor,2331117,699,1
lion,5423898,366,1
mim,325212,63,1
soth,37654,36,1
oak,9214529,356,1
did,441448660,1732,1
som,1025124,277,1
jos,1010428,157,1
rut,527153,125,1
rub,2456373,266,1
tol,422562,129,1
vag,27341,15,1
sey,143662,105,1
gaz,1759524,98,1
tinging,25579,32,1
vex,390385,87,1
fax,3767424,187,1
kir,125969,48,1
kil,211804,92,1
sir,245490741,1063,1
aht,36306,25,1
rai,471729,150,1
ach,853421,119,1
mer,2873581,275,1
rat,7133969,406,1
ale,2833273,288,1
nus,114387,79,1
kath,333995,79,1
max,12153572,569,1
aye,3731657,241,1
sei,983884,198,1
vaw,16161,11,1
teth,12104,18,1
lag,2709481,224,1
hys,200571,114,1
ace,2066348,283,1
poem,14282522,240,1
dial,3233607,268,1
seas,6849891,186,1
nur,404933,158,1
eph,1601956,99,1
kha,53792,57,1
foy,217486,91,1
deb,1272441,151,1
gim,38999,37,1
tung,999792,235,1
cob,768541,109,1
kean,454884,104,1
yuk,80708,61,1
fop,189408,55,1
fed,37191207,609,1
wud,32271,59,1
kop,102375,33,1
peal,271281,98,1
kat,709334,169,1
teal,421315,106,1
von,4632170,525,1
oda,411072,97,1
ply,1257142,166,1
phu,139402,73,1
orr,848394,165,1
yes,111399577,774,1
als,1847857,320,1
ail,1016015,233,1
aloe,195835,81,1
gam,209309,111,1
rear,12281695,355,1
kip,345252,126,1
peak,12220963,467,1
had,1256742810,1870,1
dingo,88384,58,1
ilea,43049,29,1
rong,145125,119,1
wus,66758,80,1
whoe,24662,46,1
rom,6858999,331,1
tez,81531,10,1
sup,11744282,324,1
gor,156403,65,1
cup,10942472,379,1
leap,2835904,239,1
ler,355128,225,1
mom,11341352,389,1
bac,876703,153,1
che,991613,370,1
con,28052762,824,1
soh,71789,57,1
gin,2327720,289,1
tad,372501,153,1
des,5961765,720,1
rag,1573235,224,1
hip,6752509,259,1
tet,196975,111,1
far,146849686,967,1
les,6391839,615,1
aix,365313,64,1
sau,114903,90,1
erth,24407,12,1
vos,397551,164,1
zag,1016994,31,1
plu,119414,41,1
lay,36003396,1042,1
ute,396650,113,1
bat,3190734,404,1
jag,203868,98,1
ere,4522515,540,1
sma,323353,97,1
car,59185038,714,1
peat,2698917,183,1
cub,1267776,118,1
pun,588546,151,1
sear,300850,100,1
deg,6527537,126,1
nei,250486,118,1
haec,118314,75,1
fri,5179173,117,1
per,49156474,1356,1
iva,258997,90,1
idea,51048720,532,1
ope,282361,127,1
doeth,641641,62,1
alae,57905,31,1
phi,2452095,187,1
hal,1979203,294,1
ama,565201,152,1
hot,34952577,681,1
cad,1319642,168,1
mow,587675,162,1
oot,221956,155,1
leas,353688,104,1
dos,1970491,261,1
xiv,11575927,259,1
jud,1023339,136,1
apo,307780,94,1
pah,459486,132,1
pta,402095,88,1
eer,89945,72,1
gau,66133,43,1
rho,399881,79,1
mix,11207766,425,1
feal,29980,32,1
lying,20114069,723,1
amp,1772840,135,1
pre,27992593,622,1
cit,26533303,184,1
ole,735827,235,1
tas,693470,124,1
lah,329507,103,1
dao,304724,135,1
yos,95414,21,1
fab,880244,99,1
zion,1643466,161,1
spy,1951891,187,1
ubi,131983,116,1
owe,5779876,216,1
loc,7117601,250,1
uni,1071490,189,1
viae,15163,17,1
mou,386283,113,1
fes,302833,72,1
kin,5021989,459,1
ions,7125754,362,1
chia,391764,170,1
tot,777305,329,1
asa,1045573,214,1
dei,668623,203,1
ast,663478,166,1
beth,2601827,314,1
gyp,83150,58,1
tinge,781202,87,1
age,159938494,848,1
singing,12562954,485,1
ink,8604844,257,1
out,510606904,1614,1
mau,909226,141,1
vang,50137,66,1
dear,25225104,648,1
met,70724061,1109,1
ric,887312,142,1
waeg,208,2,1
awl,208263,88,1
nie,1641806,294,1
hos,827235,157,1
boh,117474,47,1
abu,1144486,204,1
sah,536524,177,1
ist,2000643,325,1
yun,623372,212,1
ufo,146987,73,1
doth,4817161,443,1
hug,3336490,162,1
gang,4225244,384,1
mus,8422079,259,1
ard,871637,265,1
nap,1660436,138,1
ouk,6152,19,1
yis,35205,27,1
thin,23190028,538,1
hah,572204,88,1
noo,166824,146,1
than,60809839,1606,1
bow,10205162,407,1
tup,84394,51,1
ora,389893,163,1
tog,110578,97,1
dug,5100273,414,1
sub,31239175,681,1
tou,194002,161,1
mong,88090,94,1
twi,65109,45,1
bur,5484992,255,1
rey,1664713,146,1
aery,26913,19,1
oos,33015,23,1
cong,11935598,185,1
pau,217579,79,1
mat,5942462,480,1
beng,285248,78,1
ana,1815486,519,1
hyp,164278,35,1
ila,258694,88,1
mis,2406247,304,1
gil,989955,223,1
ore,12128728,522,1
fip,73856,43,1
orb,621494,99,1
ish,499093,226,1
mug,1404230,139,1
fug,31730,24,1
flu,1030209,121,1
urn,1033768,297,1
dying,17437692,393,1
apt,9860301,209,1
sai,359259,190,1
her,778392742,1483,1
err,3383420,142,1
wah,496054,229,1
web,10991020,485,1
pud,114326,50,1
fer,996801,442,1
cod,3580795,241,1
une,1108951,237,1
gum,3599940,268,1
wei,1640137,295,1
rob,4740251,348,1
eta,703864,151,1
aus,813193,183,1
thou,36856428,676,1
things,146965635,803,1
ern,286418,114,1
jet,5988394,380,1
kra,45735,29,1
ays,138916,71,1
pol,4205581,236,1
ooh,160622,49,1
zer,42229,51,1
eale,7847,7,1
cox,4126992,312,1
sus,843225,193,1
dip,4534457,311,1
fot,78608,116,1
neal,1285221,218,1
nuf,7409,12,1
lob,211285,102,1
bad,53507776,675,1
gee,891601,251,1
sig,2512853,188,1
fps,207397,47,1
vow,2130648,124,1
goes,32913652,1130,1
och,252414,171,1
key,30961207,631,1
tay,509204,193,1
and,18446744072512437572,1947,1
bub,166044,82,1
dinging,7093,17,1
rad,1306925,168,1
job,70993392,687,1
ifs,339712,78,1
nep,242852,69,1
jap,1337068,127,1
noel,1249943,228,1
floe,321963,51,1
area,176822096,1227,1
moer,7392,10,1
meg,1650833,235,1
rez,74832,39,1
gun,18756780,495,1
baa,333722,102,1
sith,135761,91,1
sla,289197,86,1
van,14376395,874,1
roy,9772432,465,1
kaed,101,1,1
zip,1561167,176,1
toeing,72925,37,1
low,114717674,927,1
jong,1011272,123,1
way,426660068,965,1
ike,751774,196,1
eons,239244,78,1
thay,237897,134,1
eyn,8746,29,1
tcp,609329,110,1
mks,119689,31,1
ewc,15694,16,1
sex,42675869,447,1
pub,43430935,426,1
hee,1965688,284,1
jung,1441914,275,1
pion,399056,71,1
wax,4975852,314,1
dif,1051208,130,1
sag,775816,164,1
oar,1000605,159,1
get,175480795,1035,1
haen,8392,13,1
thru,930552,302,1
oft,3732515,362,1
cgi,147688,68,1
cos,1967326,289,1
hat,19654342,542,1
does,215845046,1678,1
lug,582534,150,1
auf,474929,140,1
tel,25180886,572,1
wex,17592,24,1
flo,1005612,174,1
rep,7768571,422,1
leos,30503,22,1
gas,67169301,739,1
fox,8664867,470,1
dis,10240140,537,1
pas,1984288,336,1
nid,62372,38,1
doc,15032627,352,1
vor,384943,201,1
ose,349911,100,1
ait,556194,153,1
icc,659739,119,1
reos,9567,12,1
que,7091515,512,1
rah,296114,114,1
bay,19163742,640,1
rot,4992824,295,1
east,68563900,782,1
cab,3061861,222,1
wir,234763,93,1
dal,652771,200,1
saw,86957158,1204,1
fry,2950381,249,1
thug,158773,70,1
sos,453126,109,1
with,1139981447,1907,1
tan,4107261,598,1
hag,799816,127,1
suing,587808,90,1
earl,4707157,397,1
hep,448597,88,1
jpg,37231,23,1
tael,60536,21,1
oat,877238,218,1
gig,802125,129,1
sloe,62446,46,1
shi,972746,270,1
seah,21063,21,1
lac,1169891,195,1
rew,175086,66,1
gaed,35082,34,1
geat,11537,25,1
mob,2012072,188,1
neon,821050,136,1
mas,1551976,291,1
een,801438,229,1
linge,31113,22,1
mop,622595,129,1
gib,150976,90,1
sez,188307,72,1
neg,1365424,130,1
thos,9004209,178,1
pis,2652677,119,1
oas,373054,85,1
stu,522729,143,1
pgp,61079,45,1
inc,54192498,1080,1
pon,175180,129,1
ara,457587,149,1
div,31489160,410,1
lim,1486517,284,1
dub,521033,102,1
top,31030431,685,1
nat,21338655,450,1
yak,200509,91,1
elt,99729,51,1
rhe,193689,120,1
bleo,2932,4,1
tew,145724,118,1
sang,8510350,580,1
oaep,4474,8,1
kan,1551090,340,1
him,792373272,1152,1
oleo,132289,70,1
maa,146467,61,1
fah,227053,62,1
earing,64568,44,1
rod,8325254,430,1
thai,2117252,457,1
don,10661306,696,1
esq,56785562,455,1
flea,652196,134,1
tav,201564,26,1
ein,912043,220,1
woes,1448294,90,1
dean,7818848,485,1
spa,1614847,198,1
col,20907874,491,1
inger,110639,65,1
jar,2837060,249,1
hear,54529039,469,1
gut,4008956,246,1
yez,56386,63,1
cav,616639,57,1
cot,1683808,203,1
fib,222505,75,1
bbb,239018,56,1
yas,101853,34,1
yod,48968,38,1
fet,370704,132,1
avo,86339,39,1
mit,1749121,371,1
ods,303390,78,1
rue,897917,205,1
dix,462169,148,1
boi,120144,61,1
bung,122917,76,1
map,23860489,506,1
ching,1366629,284,1
kol,179647,79,1
pur,2291787,263,1
keg,391903,77,1
ome,298623,130,1
froe,22769,27,1
old,195446746,1015,1
aru,72321,38,1
gpg,13222,18,1
ohio,47420994,484,1
ivy,2162474,234,1
ode,851931,119,1
ethe,14994,22,1
six,73567749,854,1
ary,369550,176,1
tsia,2221,2,1
dee,2633563,363,1
mai,1322161,374,1
ism,680530,206,1
aly,119396,71,1
toes,7295121,181,1
aid,33707395,530,1
pig,6469547,347,1
lye,761303,163,1
near,47536652,1339,1
mot,1001905,246,1
pria,16927,17,1
nim,179651,85,1
its,686396130,1426,1
math,14586278,276,1
ill,54887735,731,1
lor,1189869,533,1
add,42071404,611,1
eke,590157,107,1
bey,455449,130,1
leak,2698711,203,1
mar,15546673,593,1
ure,541356,218,1
aug,11876475,455,1
ccc,989814,130,1
pit,6365557,389,1
ida,2585833,269,1
rok,169129,85,1
throe,103422,64,1
pias,21038,14,1
pew,786809,106,1
year,581236995,890,1
meth,1320340,104,1
san,14862518,880,1
yeas,1812756,51,1
doen,107228,60,1
tak,533875,232,1
pear,1763748,181,1
daer,7766,16,1
hap,784964,153,1
equ,213992,38,1
meow,131660,44,1
long,289788391,1255,1
ger,2925121,226,1
loo,1214374,264,1
ged,324046,106,1
nor,27999839,1390,1
ada,2324345,271,1
pos,2105266,178,1
swing,4830002,336,1
ser,31009759,412,1
clio,750071,79,1
cho,971856,300,1
jut,115704,89,1
los,6851364,583,1
yon,2266368,370,1
raia,23365,12,1
tang,1244753,289,1
doo,554101,183,1
gel,2997575,249,1
vin,646969,167,1
xxv,3161062,126,1
tiao,66423,31,1
aux,421654,178,1
ult,1314814,76,1
dye,3505027,279,1
ava,871955,151,1
meio,5445,6,1
lao,603991,202,1
dam,10488090,451,1
tim,5508095,404,1
beam,10503534,411,1
hon,141825861,528,1
cay,362047,91,1
gub,39218,21,1
pfc,445499,71,1
sye,15545,24,1
bes,358686,94,1
ase,270693,112,1
mol,5004043,168,1
aria,551720,157,1
ado,514685,112,1
meu,56578,54,1
fam,1511078,109,1
cel,395677,96,1
tal,915382,250,1
loeb,419488,100,1
dak,2597410,81,1
ems,751588,136,1
mean,113614954,810,1
mang,229618,73,1
lud,221022,52,1
dior,73694,41,1
wod,35153,32,1
hub,1551416,183,1
ady,83538,42,1
rex,1543862,295,1
ene,405660,124,1
thee,30268014,491,1
alt,3443741,267,1
gud,185150,88,1
lingo,205361,89,1
lod,598762,66,1
kit,4618438,437,1
fid,696906,100,1
zin,82007,47,1
rua,75111,68,1
fem,637413,90,1
kon,315723,144,1
hud,2082499,186,1
res,44516890,616,1
uzi,69200,35,1
fin,4747038,386,1
lar,514171,211,1
ony,276560,179,1
they,1278627326,1701,1
hue,2537001,221,1
pyr,93399,39,1
myth,5019042,254,1
mod,4162340,231,1
reap,1880793,119,1
tun,713397,256,1
doing,92874783,773,1
bus,11346019,524,1
sap,1709012,205,1
ono,512490,140,1
lox,122288,55,1
dias,173760,74,1
puh,41365,27,1
ygo,3494,6,1
tiar,3749,4,1
syd,473452,105,1
bead,1180444,201,1
got,88938335,1287,1
gaea,42340,20,1
ann,33364739,657,1
bal,1388240,165,1
rig,1856336,262,1
umm,178750,74,1
hei,170062,130,1
theow,1386,6,1
waer,5911,10,1
tut,814284,154,1
ell,1217978,286,1
edw,4132851,90,1
paw,1986921,167,1
xii,13124167,311,1
joel,2108226,275,1
cue,1789898,160,1
pad,3167317,320,1
joy,29978098,401,1
lum,281915,153,1
sim,1519787,238,1
pei,406332,186,1
cop,1986382,229,1
khi,59190,22,1
fag,233394,89,1
fling,949072,165,1
eds,39384506,529,1
rib,2063661,215,1
ray,10021329,587,1
rec,9678733,251,1
run,88363308,920,1
vis,1671909,333,1
ich,1038242,281,1
vod,46446,28,1
oaf,114112,30,1
mph,1264365,54,1
nox,803658,115,1
lue,89663,73,1
oum,33516,22,1
axe,2602665,200,1
jus,655744,206,1
bet,5790001,344,1
jaw,8911138,204,1
yin,881502,285,1
slae,5996,5,1
jeb,211388,98,1
awa,327748,146,1
mian,97411,76,1
era,23736210,596,1
wes,1210313,233,1
bib,910231,97,1
rye,3328414,209,1
oom,88470,77,1
eik,31747,17,1
liar,1418463,133,1
bom,2920934,231,1
yee,421224,243,1
hak,117436,70,1
sat,49890513,1093,1
jog,389741,102,1
gis,1121636,132,1
hus,596557,115,1
leu,623457,111,1
alf,564137,146,1
arc,8573044,554,1
ami,1812667,456,1
poa,168979,51,1
hom,853915,209,1
mic,803225,147,1
gid,94885,59,1
ouf,21561,32,1
rus,615190,151,1
gaet,1544,3,1
jam,2697986,325,1
fas,608482,132,1
bear,31605305,567,1
yow,285645,148,1
gob,169471,64,1
yeth,5869,8,1
weal,578034,85,1
tap,4328470,315,1
bro,9919749,231,1
hup,72842,63,1
awn,183124,78,1
aha,763287,116,1
ruing,9178,24,1
pom,692170,125,1
heal,3745287,179,1
ala,3412151,232,1
wil,1289536,290,1
rip,1301950,214,1
sung,6388458,351,1
hoes,441976,79,1
kiang,282758,97,1
ake,178441,86,1
nou,181494,132,1
uang,4606,5,1
rum,2812168,297,1
eyd,2645,5,1
bee,4261575,448,1
kith,192376,60,1
winge,20268,13,1
guz,27377,11,1
jor,105380,107,1
gan,711215,260,1
poz,41735,15,1
pet,8424840,371,1
pry,473804,89,1
pie,3286083,321,1
sik,160376,115,1
neath,152360,63,1
sed,920017,253,1
dey,507052,218,1
deor,64099,22,1
lbs,22532316,131,1
rid,13932410,200,1
hop,4147288,300,1
ito,631561,146,1
off,213502392,1303,1
mam,907344,206,1
bok,249889,118,1
hin,295647,217,1
qui,1011521,425,1
nam,1816237,350,1
vox,137860,94,1
miz,105386,96,1
zoo,1364292,178,1
oik,24186,25,1
han,2458250,488,1
bel,1091369,257,1
fay,1859257,246,1
fat,21205877,510,1
lot,24314832,485,1
btu,554763,59,1
ahm,30863,25,1
rap,1428311,220,1
hen,6309225,389,1
muth,83526,44,1
hid,5509422,446,1
owing,13211772,521,1
sok,104046,76,1
taj,105806,70,1
arb,817621,83,1
hem,1692901,301,1
nah,579080,131,1
ave,43229544,491,1
rif,179035,61,1
hey,3927526,297,1
pup,640932,135,1
bas,1083015,225,1
neb,1132503,122,1
duh,182516,107,1
ape,919625,154,1
tex,4635675,283,1
ark,2583465,197,1
caw,188394,65,1
rab,389112,116,1
leal,146941,92,1
lux,450452,151,1
kis,62532,54,1
veg,631886,79,1
yum,346648,66,1
nef,93674,41,1
yup,262378,29,1
see,286631304,1568,1
gol,129614,70,1
cor,10725913,342,1
lung,6720679,355,1
fez,322977,58,1
fou,148480,101,1
bang,4411843,259,1
sum,19705968,527,1
easing,696671,167,1
dit,624595,210,1
psi,2319269,131,1
ahi,71942,38,1
ord,4363245,207,1
loa,271674,78,1
gos,388203,52,1
eye,51383379,556,1
soc,47488889,360,1
sly,1063124,156,1
rak,75778,40,1
sings,2924649,316,1
oho,125215,37,1
lan,1644156,369,1
pus,2006946,154,1
vii,29146174,446,1
feg,12799,10,1
oke,129740,48,1
guv,98791,64,1
sov,1355469,59,1
cis,1431331,162,1
abc,2016473,240,1
sha,586668,268,1
hel,510673,124,1
mao,1991178,261,1
jee,73813,67,1
thir,235345,141,1
bid,11447562,426,1
moes,25335,26,1
red,56301497,933,1
meal,17130501,347,1
art,131642634,910,1
pes,557357,123,1
gur,176437,73,1
ido,154804,62,1
cuing,26887,28,1
weak,25784581,375,1
sew,1500125,167,1
iago,613810,100,1
taen,20378,21,1
vying,233444,81,1
ghi,65730,37,1
mir,1559357,215,1
leon,3372494,328,1
noa,189822,77,1
dead,71784392,707,1
nov,15991975,497,1
aesc,9437,6,1
tug,1287406,173,1
wit,9133134,481,1
pap,4530368,172,1
eld,356159,106,1
rix,106747,53,1
esp,9248298,258,1
udo,81125,41,1
yep,645817,38,1
par,22417255,663,1
sur,4327283,439,1
sho,463561,202,1
tow,2063924,246,1
wig,1560020,133,1
dhu,38193,26,1
leaf,13770109,416,1
zan,93252,74,1
gal,6748101,295,1
goy,49239,27,1
tur,313440,180,1
nub,113537,39,1
ulu,44021,35,1
tar,4348859,354,1
iso,1678090,233,1
dah,255082,114,1
zel,46779,19,1
peh,28617,33,1
cang,15385,22,1
then,754659141,1680,1
brae,97456,46,1
god,192501448,899,1
sod,1330182,176,1
nix,286996,116,1
sif,75349,42,1
rang,4211069,402,1
kue,12545,15,1
bru,330309,42,1
yan,754722,248,1
rei,332679,140,1
ima,185397,94,1
cow,9373225,357,1
peon,102250,61,1
awd,41321,27,1
guy,15753454,518,1
cam,2829972,381,1
doer,374846,51,1
din,1626042,319,1
eel,738522,179,1
ahs,147291,50,1
kam,245830,174,1
read,125261016,976,1
ibo,101150,61,1
miao,125462,94,1
thof,15971,34,1
loy,250009,117,1
kung,580173,201,1
khu,10942,11,1
tes,690972,194,1
put,146708529,1318,1
reg,22220027,329,1
dor,633763,152,1
dung,1956486,185,1
ops,937910,125,1
huh,4455696,382,1
gath,174296,48,1
heat,43416872,582,1
ats,347179,85,1
ola,193571,99,1
oba,85445,49,1
hoy,354551,119,1
haem,81356,34,1
doeg,30405,25,1
ice,25833446,630,1
aim,15241448,324,1
asp,916943,139,1
heath,2877131,277,1
neth,264882,32,1
apa,545902,111,1
kab,43873,18,1
lou,1611571,313,1
toc,257449,70,1
ous,356866,201,1
ges,1734193,114,1
aas,301698,70,1
boer,456944,95,1
goer,107228,31,1
ginge,6747,14,1
ars,792478,156,1
shu,1009072,225,1
vac,650696,94,1
say,240834344,1094,1
ino,439343,103,1
uke,41159,36,1
app,57860309,338,1
yat,1751066,100,1
yet,255069210,1105,1
sec,173651845,601,1
bud,3204635,272,1
lif,319277,101,1
orf,107086,75,1
hwa,157865,123,1
emu,436633,108,1
sud,449928,121,1
ids,608356,160,1
sib,508122,88,1
lut,97645,75,1
vol,382758191,889,1
lith,391196,66,1
day,450702607,1083,1
abe,1117772,208,1
oboe,442940,68,1
tum,659918,196,1
yah,334770,128,1
suk,167218,84,1
aging,7878938,220,1
quo,3492325,151,1
goa,721438,87,1
com,32030255,807,1
thet,202342,172,1
orc,114860,55,1
irk,52466,43,1
mah,270383,175,1
dry,41440903,672,1
gar,618147,253,1
pean,25290,35,1
kye,57253,49,1
teat,245360,90,1
plea,6255014,182,1
vom,272148,98,1
rhy,11510,16,1
fod,38958,35,1
yao,615369,188,1
sut,120848,67,1
too,317500446,1398,1
gif,244793,110,1
nod,3179103,183,1
pow,721114,148,1
siam,1389891,129,1
luz,274429,91,1
els,550024,154,1
nul,62133,58,1
earn,7152744,253,1
egg,10316992,358,1
yor,662741,91,1
bin,3275363,438,1
ket,402247,108,1
zap,285193,62,1
baw,52988,38,1
cat,18188429,533,1
beau,1093373,201,1
both,228362860,1444,1
ups,4821639,192,1
wac,182292,53,1
toi,308357,117,1
tua,140931,121,1
hie,607723,275,1
mos,2603800,220,1
tic,811818,275,1
diam,2830628,96,1
law,193604151,938,1
pak,696263,291,1
foh,47395,55,1
thus,189645764,1208,1
teas,719038,137,1
cal,42064358,448,1
sty,451832,77,1
fob,614252,165,1
nay,4391659,388,1
jin,976545,271,1
vial,773360,83,1
arn,292522,64,1
ust,260102,107,1
ruh,53287,49,1
sac,3354697,215,1
sel,1214650,180,1
agio,13401,15,1
cling,1674126,158,1
why,105934385,983,1
lak,132947,114,1
seat,32074024,411,1
oon,163712,110,1
cyr,167285,37,1
wuh,17529,27,1
fix,8711039,344,1
pang,559912,158,1
eva,2318696,329,1
rin,206852,133,1
bys,113511,21,1
dig,13358386,352,1
liv,1856629,178,1
tub,3267464,204,1
death,189970728,657,1
thud,687557,70,1
rud,176280,36,1
men,244461491,1279,1
hinge,1156140,164,1
thei,474395,145,1
tux,125738,39,1
wur,29516,43,1
yag,70734,27,1
oms,73470,40,1
nop,58402,36,1
gear,8616820,356,1
nig,219633,64,1
kings,10021432,356,1
tear,8578258,322,1
obi,295875,98,1
thong,349936,141,1
loth,511746,104,1
earp,137588,46,1
rit,195670,75,1
sil,648755,128,1
wye,307752,74,1
faa,1064547,139,1
zit,57672,45,1
poo,298851,154,1
dec,22951985,548,1
gap,9971555,334,1
jan,15265942,679,1
bar,26992551,775,1
rem,2155719,209,1
lam,1649703,330,1
nee,637781,338,1
dinge,58613,38,1
jeu,51669,39,1
thar,403919,180,1
sting,1849377,179,1
but,401433760,1881,1
jun,5791404,352,1
ned,2393235,338,1
url,812102,100,1
wim,170752,71,1
ull,83881,71,1
gue,49122,58,1
try,42021744,693,1
mrs,75326924,938,1
raf,649399,111,1
hum,2578135,282,1
poh,126553,91,1
tingi,4649,5,1
roo,231782,106,1
ingle,147261,61,1
peas,3927391,179,1
let,127895734,1244,1
toed,227208,60,1
thow,103727,92,1
gul,161591,72,1
ata,490708,178,1
you,1412624175,1737,1
yrs,3224798,52,1
fog,3909515,200,1
apia,130882,33,1
koi,80117,52,1
fiat,1015859,173,1
pir,141977,68,1
mon,6696520,519,1
oca,86121,53,1
xxx,2593922,161,1
owt,89359,87,1
nab,284862,106,1
iii,112391441,964,1
fie,747676,172,1
leng,171069,125,1
hay,11284405,436,1
tod,605632,166,1
das,2644886,343,1
ame,428087,126,1
maw,396256,108,1
eats,2255020,292,1
wok,132833,55,1
deal,33907657,522,1
aft,3689494,249,1
rim,3613512,301,1
bean,3808426,340,1
jen,1065341,274,1
tings,140165,99,1
mias,57468,26,1
piu,68017,67,1
aking,22980,33,1
going,175403657,997,1
lur,52027,47,1
nip,358039,130,1
bor,1006042,182,1
yeat,30011,27,1
nar,379995,111,1
reh,215493,45,1
wos,100468,67,1
nit,329208,168,1
sep,2829917,233,1
awing,18485,26,1
rpm,1623970,84,1
ingoing,18318,26,1
pye,270716,91,1
rie,152500,73,1
ira,2396265,255,1
sip,1436739,163,1
lez,16697,26,1
gyn,309762,22,1
ewe,703601,137,1
bra,1605322,141,1
thom,649917,138,1
dot,3438447,339,1
diol,124705,35,1
jab,258991,93,1
sop,362284,106,1
awe,4747208,154,1
ech,140994,71,1
rev,25980297,612,1
bim,290472,103,1
uns,455645,139,1
gab,212868,79,1
tee,1245254,372,1
theah,8638,17,1
pan,10448775,589,1
wyn,111838,69,1
brr,29355,16,1
nut,3885184,367,1
hoing,4004,8,1
dar,742571,255,1
ugh,594322,84,1
ears,31161740,337,1
arx,100907,21,1
vie,994104,205,1
dian,150932,123,1
elia,208221,85,1
bye,4597453,184,1
kay,2185617,345,1
fly,16049132,505,1
thingy,18713,32,1
ron,2055810,344,1
ream,400436,83,1
hoo,829378,152,1
hod,316349,125,1
roes,93919,40,1
alo,109243,60,1
til,969356,405,1
our,315916799,1381,1
tao,827872,217,1
not,43139967,1727,1
team,25999228,705,1
hmm,924345,98,1
www,4248690,88,1
ani,456429,208,1
lib,10167196,303,1
val,3598205,310,1
own,565883721,564,1
zed,160423,87,1
act,295636663,963,1
any,470527247,1384,1
lon,2125240,237,1
bop,243908,94,1
elm,1912139,169,1
ras,628739,167,1
meath,320995,40,1
hex,325991,120,1
kaw,64847,54,1
wey,108379,78,1
moth,2203577,197,1
vic,3824264,218,1
mab,371250,88,1
viol,209765,50,1
nos,12454766,433,1
riot,2592580,200,1
deaw,1721,3,1
icy,1527516,183,1
tax,61807887,670,1
are,1850231977,1891,1
theat,35499,20,1
oil,64473433,919,1
ely,1297789,187,1
ohm,498130,79,1
man,298769239,1382,1
ula,64954,47,1
lof,74655,76,1
pung,25976,28,1
pug,215546,101,1
thro,629688,254,1
zig,323068,105,1
utc,129382,49,1
hym,610031,183,1
tue,403698,130,1
mes,764658,199,1
tong,621573,305,1
oor,171258,148,1
xes,26813,14,1
pam,1454287,213,1
eorl,6441,16,1
fut,280085,113,1
jur,3499553,76,1
boa,254170,101,1
fei,448677,135,1
sid,1052078,216,1
nan,1628910,430,1
pul,234185,76,1
wiz,87708,45,1
sean,1808291,264,1
wun,28647,53,1
ssu,193170,95,1
shea,613559,153,1
rhea,355466,113,1
ump,68156,42,1
pax,250998,117,1
air,102410773,1000,1
kui,48298,62,1
eek,206037,51,1
now,550830401,1630,1
mem,9013000,299,1
feu,204157,82,1
sit,19856533,674,1
bed,57529925,568,1
ins,24930841,470,1
iamb,32416,22,1
nek,60234,45,1
sui,526084,224,1
koh,539188,155,1
hes,366492,179,1
easy,55178437,517,1
acing,11768,22,1
kee,577372,289,1
una,1076429,306,1
blo,37652,46,1
boy,40594372,625,1
oath,6718015,180,1
opt,4164098,179,1
aro,583080,165,1
att,1110536,252,1
roi,580679,141,1
sun,32489221,688,1
ity,967486,244,1
chi,4297488,437,1
hings,14636,26,1
lys,664719,86,1
dha,240323,55,1
wem,51090,29,1
yeh,546433,179,1
mee,766756,242,1
aga,252558,95,1
dad,17174170,406,1
tye,144505,88,1
son,125195483,1092,1
abs,3452699,171,1
aka,109830,102,1
poet,10620334,328,1
ingot,661092,102,1
aero,790808,145,1
tat,1780914,266,1
ers,2053673,507,1
naw,205345,60,1
ess,953101,239,1
cog,301190,97,1
shoe,5989002,358,1
riz,80412,40,1
haw,1496693,147,1
tuc,149621,54,1
pinging,26081,37,1
bios,238007,67,1
moy,150346,90,1
mung,95625,61,1
hang,5899970,486,1
lig,217376,84,1
seal,12757137,452,1
gen,14105920,550,1
tit,5205975,301,1
wan,2099627,491,1
ftp,364679,89,1
aby,49584,50,1
ski,1357594,248,1
end,155624847,971,1
hoh,73056,44,1
linga,68378,37,1
fra,803393,265,1
path,26503176,464,1
vim,246791,98,1
yead,23751,6,1
oreo,81863,53,1
veal,1544251,142,1
bath,14983210,407,1
goo,479003,159,1
kim,3990368,508,1
icing,681852,113,1
gong,572642,177,1
dan,7149038,647,1
foen,1308,4,1
shh,205842,22,1
kid,7121152,346,1
lat,7859643,266,1
nux,105615,40,1
uvea,47525,29,1
earth,58386813,509,1
hez,39343,41,1
tib,363853,55,1
tui,134569,104,1
iowa,19034536,365,1
mud,9454364,321,1
yen,2089119,287,1
neap,83251,36,1
use,307576598,1232,1
song,22026599,631,1
del,3232260,559,1
wop,136825,33,1
wid,867276,314,1
laz,49777,31,1
odd,7773441,260,1
unio,65162,41,1
kua,26296,29,1
coz,183647,64,1
ciao,38031,16,1
haet,2137,5,1
aias,44283,37,1
boo,780047,187,1
rsa,447531,84,1
ban,2521978,439,1
she,634092743,1532,1
hit,20057833,892,1
wot,590793,171,1
etc,67657590,1530,1
gov,2328480,212,1
laer,176349,26,1
kok,334138,131,1
asc,280141,70,1
cid,396778,102,1
pro,16450584,741,1
rings,8174175,446,1
ife,275563,62,1
pho,161567,83,1
kou,107108,86,1
oud,71510,55,1
haed,1772,4,1
auh,7544,7,1
nag,573532,122,1
uno,345004,137,1
lav,274763,84,1
gon,623268,158,1
hao,452100,145,1
fon,210688,99,1
fil,712450,130,1
aeon,130105,36,1
isn,205789,132,1
uso,128385,69,1
bring,48759389,676,1
toy,2792321,316,1
lee,15790092,860,1
zur,488257,136,1
mead,1835861,239,1
jon,2148100,313,1
jew,3302971,184,1
cut,61227713,1034,1
bob,8290685,556,1
sis,1663860,312,1
urd,41245,32,1
lings,106286,89,1
sad,13294141,358,1
gem,1523375,212,1
gaia,215111,82,1
roth,1836841,221,1
zen,755364,191,1
cum,2515213,439,1
yang,3457719,367,1
tai,978365,314,1
vid,770187,129,1
won,29052994,875,1
few,55695865,527,1
len,674683,238,1
inn,5469571,438,1
kong,45804814,256,1
gie,102525,78,1
waes,31250,25,1
lex,746971,174,1
wet,17370753,500,1
puy,67892,35,1
pop,13043022,413,1
gay,10389264,408,1
die,49742058,915,1
eating,14105848,472,1
ree,643978,219,1
meat,22473016,487,1
heth,108367,54,1
pox,1512883,85,1
tip,8050208,402,1
haj,81029,59,1
axing,14289,29,1
amy,3446016,351,1
ads,2649396,260,1
mel,1392734,249,1
was,1782632704,1922,1
roc,375538,111,1
pyx,24735,15,1
cry,19836381,421,1
kang,567915,222,1
owl,1526525,173,1
scr,596988,91,1
beg,3987592,243,1
laet,13741,16,1
head,279653966,1094,1
hut,4054780,395,1
jot,627373,94,1
hew,1188841,165,1
beat,13769522,561,1
imp,3122725,186,1
bot,7188488,284,1
vig,109458,36,1
kaf,33114,21,1
hying,19551,34,1
dun,1089352,218,1
pim,139391,58,1
wen,1348102,317,1
being,327325016,1651,1
jug,825939,140,1
wear,18451808,459,1
tag,2889826,334,1
coed,1275372,64,1
peg,1334328,202,1
vhf,426899,91,1
syn,2782706,166,1
jim,9512106,596,1
moi,600630,158,1
tec,431296,153,1
yus,15547,14,1
urea,2378878,155,1
boeing,828637,152,1
nys,96732,53,1
thoth,176415,58,1
jem,415163,123,1
hoeing,322258,75,1
fig,345938734,1083,1
his,1269975267,1695,1
yip,168927,91,1
hau,149052,104,1
eying,63964,62,1
ziz,18348,8,1
daw,168606,84,1
dang,273461,167,1
pat,9572287,545,1
pong,210084,108,1
lev,2116278,180,1
wer,1024651,237,1
taa,189818,76,1
ecu,372448,84,1
ane,935085,283,1
eve,7375998,312,1
hoc,692119,173,1
est,8700657,666,1
diaz,620319,142,1
oxy,403104,82,1
nec,1996751,222,1
rial,158461,124,1
non,130829355,975,1
lai,813287,291,1
hrs,4419052,89,1
ilia,203100,158,1
sin,24585223,652,1
for,1477476451,1923,1
ate,10007000,665,1
two,323592757,1335,1
woo,906431,226,1
sal,1859576,371,1
gad,562769,112,1
hog,1959712,250,1
reb,259665,96,1
spae,2770,5,1
gat,261438,143,1
zingy,7138,13,1
pip,708394,140,1
uva,151520,52,1
swa,134490,88,1
lym,28869,18,1
wry,374824,90,1
log,7801256,416,1
zee,470926,140,1
gey,34941,29,1
meng,456911,189,1
vat,2012935,230,1
mal,1874760,298,1
seg,412891,85,1
wis,4986058,254,1
wap,111490,55,1
ind,7991101,536,1
sion,1741070,272,1
wed,3222935,200,1
fear,57411145,455,1
lad,3492672,334,1
nun,1421349,268,1
foo,345792,184,1
esth,78184,16,1
pix,193202,57,1
ush,46046,34,1
sen,4809111,503,1
fee,14856694,463,1
asia,33801830,345,1
aah,76511,26,1
thor,829081,174,1
ain,710477,206,1
rath,350383,116,1
dog,22805805,525,1
yew,560452,179,1
wow,2601426,107,1
yong,1007301,247,1
sie,828811,169,1
oop,135588,86,1
teg,68945,38,1
ringing,2540639,232,1
coy,835426,141,1
gao,1196517,188,1
mor,1374793,271,1
duo,480178,194,1
tig,375189,96,1
bez,36025,24,1
ringe,42447,26,1
pen,14343631,507,1
ley,1182774,433,1
ass,9231022,342,1
binge,386221,84,1
sar,1078502,195,1
dow,1352085,264,1
alia,361642,159,1
bug,1617246,240,1
alea,33948,14,1
gnu,88081,43,1
who,464769350,1809,1
tra,663973,233,1
oys,85116,22,1
amt,1555196,106,1
qua,706237,252,1
nak,82687,50,1
soy,1191067,163,1
pic,798703,166,1
ant,5121056,474,1
nye,590314,139,1
git,790943,182,1
tie,10323643,625,1
lead,64869300,726,1
liang,641387,215,1
tom,18615909,725,1
cur,1824572,256,1
erg,214847,75,1
raw,10639567,426,1
cap,22787613,553,1
nom,3796024,146,1
oui,272764,95,1
und,1901332,722,1
ire,1316716,282,1
set,161072806,1373,1
mingo,120464,66,1
alb,610342,82,1
hox,82738,36,1
nib,150746,65,1
xvi,8978890,237,1
aue,108770,32,1
fen,571073,198,1
gean,9348,13,1
ide,454771,184,1
neat,4109990,236,1
that,18446744072324926087,1901,1
thew,84404,59,1
def,2022210,162,1
hoi,330991,189,1
iwa,63497,29,1
mme,5834406,179,1
hinging,46484,49,1
big,37732343,719,1
maia,192548,72,1
dong,1120852,257,1
tau,603381,180,1
sian,213934,76,1
dab,345055,120,1
war,135034785,830,1
bog,1334490,153,1
joey,1186943,190,1
how,254854831,1288,1
xxi,4840238,164,1
ber,3852744,400,1
this,1427898143,1740,1
wag,537624,168,1
owd,16181,34,1
lvi,484606,55,1
pin,5889591,499,1
sow,2630111,211,1
tuth,4670,6,1
fro,8472384,259,1
keng,90882,104,1
jai,217726,114,1
ngai,60076,51,1
ewing,1321315,166,1
pith,454231,81,1
wean,134401,75,1
wha,300724,142,1
bion,194600,64,1
baer,632916,126,1
ova,655172,120,1
ruc,47663,32,1
ali,3166723,358,1
dim,4051856,268,1
ade,399295,111,1
zings,3393,6,1
each,339491809,1337,1
ham,4949458,497,1
ask,59803467,598,1
bis,2288534,395,1
joes,38049,41,1
fir,2643400,262,1
het,1203471,253,1
moo,428237,149,1
pod,1157778,174,1
eking,42456,40,1
ilk,914422,105,1
oct,15064740,485,1
edo,270904,80,1
ben,10614875,721,1
nob,336729,69,1
ock,74311,63,1
pst,155762,59,1
ago,89877103,253,1
uri,385419,106,1
ohs,93554,37,1
rox,123830,40,1
cps,870843,86,1
poi,190165,113,1
arm,56280601,510,1
gra,320848,113,1
feb,14569255,452,1
tri,2048938,263,1
sox,1306693,90,1
yer,1531166,394,1
bab,330090,92,1
jay,3231696,372,1
hic,144529,98,1
yot,49833,41,1
aaa,827092,135,1
fur,6153415,516,1
zat,35723,61,1
abo,326416,114,1
leah,1152265,184,1
win,17468606,542,1
ags,152387,48,1
lid,3716910,259,1
has,666562983,1884,1
tsh,353396,58,1
mak,529778,187,1
pee,616419,172,1
wai,431051,231,1
coo,817266,138,1
arf,237933,60,1
upo,33942,65,1
iff,332105,150,1
luc,1722113,150,1
eave,70312,52,1
pep,499003,120,1
lie,29522062,796,1
foes,3987553,131,1
huk,17627,32,1
led,64412038,1167,1
lit,11324822,646,1
glia,183777,31,1
yam,462688,157,1
them,765097602,1168,1
nis,352792,119,1
xian,122749,89,1
hoed,183817,63,1
dud,150300,69,1
noes,1186285,64,1
all,1200890118,1708,1
fum,109445,66,1
xix,6048714,192,1
mings,32499,16,1
zad,14714,10,1
gus,1088549,217,1
amu,125977,40,1
moz,24000,11,1
jow,14108,20,1
nas,454503,174,1
biz,150182,80,1
aping,50844,49,1
lab,18473699,402,1
heh,571237,71,1
bam,695765,127,1
leg,22817632,430,1
mil,4260974,339,1
sling,882305,148,1
gael,158123,56,1
mac,4021120,426,1
tid,234244,96,1
fan,6033111,517,1
feh,150221,26,1
vum,6361,10,1
auk,138570,36,1
luv,130813,76,1
hsi,532431,143,1
ted,3535250,577,1
eff,10024263,114,1
lei,539208,260,1
kow,142808,89,1
pay,71478718,746,1
cha,1292612,258,1
using,48279826,1215,1
tis,501840,229,1
ren,1374293,262,1
fit,32055901,711,1
ash,10668217,411,1
hui,912226,225,1
ref,21512035,262,1
vas,450686,202,1
frae,130905,168,1
theb,84848,11,1
cud,229082,73,1
hob,479702,109,1
dob,92120,40,1
jean,9080885,588,1
eard,22187,27,1
beal,294756,106,1
hye,90951,79,1
voet,61557,26,1
mag,7297195,313,1
one,1095939655,1755,1
lean,5297497,344,1
wog,16804,17,1
hung,13615186,773,1
oka,141280,60,1
dod,2032946,149,1
dion,560819,130,1
pec,177773,58,1
hir,564297,220,1
sot,397240,172,1
ans,4001765,219,1
sao,436745,140,1
dew,2732393,215,1
var,11138107,288,1
winging,90798,76,1
eme,60573,49,1
ibn,1017496,168,1
piaf,18250,18,1
feat,1813974,101,1
nog,217148,86,1
fung,387573,160,1
min,34550027,695,1
mya,121103,68,1
bon,1174428,271,1
lep,483476,74,1
myn,84413,90,1
pings,61420,44,1
bings,7076,12,1
ther,3429987,452,1
mum,3956114,309,1
yad,110100,27,1
ken,3657752,461,1
thad,266628,98,1
jig,685828,131,1
zeal,6500914,153,1
