managers,18061674,251,1
calendar,27119124,217,1
performing,6551296,278,1
students,98778971,324,1
directly,19937025,260,1
likewise,28850064,328,1
confusion,11651166,218,1
conscious,8903941,258,1
services,102504265,354,1
terrible,6434791,338,1
elections,13139424,201,1
attended,14108604,243,1
specimen,8968816,250,1
assigned,10051076,275,1
standard,45953773,382,1
receipts,19069458,193,1
programs,66053765,305,1
accident,17617235,256,1
situation,50495942,315,1
abstract,16513833,287,1
pursuant,5512687,39,1
reduction,16415947,251,1
observed,50994921,363,1
expected,32474118,362,1
challenge,15018818,263,1
officials,25535224,267,1
velocity,10889568,233,1
otherwise,54906255,354,1
academic,16888949,282,1
villages,11203322,225,1
indicating,23067577,275,1
exposure,11362481,227,1
minerals,11251911,212,1
purchase,21857878,323,1
contrary,12995903,295,1
whatever,63522308,371,1
ultimate,4082645,320,1
straight,16806563,342,1
remember,77042120,316,1
security,58043352,329,1
kentucky,10490156,280,1
chairman,51811276,285,1
symptoms,20451208,193,1
expanded,6982872,294,1
supplies,30656266,306,1
extension,14105724,286,1
quantity,18898758,242,1
internet,10000446,237,1
respects,6316557,219,1
maryland,12237396,277,1
tradition,17823014,234,1
judgment,58965718,277,1
treasurer,20839154,214,1
injection,4782547,213,1
friendly,8977636,339,1
premises,12692389,205,1
response,26084181,312,1
solutions,19859120,242,1
illinois,22297151,324,1
describe,20185694,324,1
dangerous,12844202,332,1
christian,22632630,351,1
disposed,2074568,226,1
formerly,14837954,329,1
scotland,17223459,285,1
examples,33524756,272,1
schedule,17809451,240,1
replaced,8482978,309,1
direction,34238574,319,1
citizens,25326368,256,1
assessed,7245046,173,1
instance,21528936,380,1
families,38044380,280,1
appendix,18723521,184,1
evidence,130357025,294,1
rendered,9689364,293,1
colonies,10209527,202,1
distance,22975393,347,1
shoulder,12542425,287,1
operator,11376792,287,1
pictures,16480204,294,1
hospital,37701731,339,1
hamilton,13573037,291,1
branches,15811137,264,1
religious,22349081,304,1
decreased,5223127,262,1
february,21052638,278,1
boundary,7172812,218,1
associate,12044561,262,1
annually,8718701,185,1
migration,8625329,188,1
japanese,18423248,362,1
reviewed,8713812,184,1
locations,9190834,225,1
believed,49912225,265,1
admitted,30433355,255,1
apparent,19664063,330,1
industry,80497630,365,1
approved,31653932,320,1
expenses,31965815,236,1
advisory,3479641,120,1
returned,18877961,298,1
admission,11924868,211,1
liability,27712484,188,1
sequence,9336522,248,1
majority,10697651,233,1
railroad,20625453,289,1
dynamics,6839024,181,1
tendency,9544277,144,1
nitrogen,12678634,197,1
document,18209637,263,1
surfaces,11362376,235,1
occasions,8122249,242,1
questions,61374185,304,1
analysis,71124990,345,1
comments,17875970,234,1
emphasis,11404913,143,1
multiple,11061201,335,1
accounts,39482506,268,1
thickness,10480317,232,1
capacity,41107183,322,1
recently,31469573,320,1
vertical,9513486,305,1
produced,28026753,368,1
seriously,8532200,243,1
recovery,17735895,278,1
underlying,4754979,306,1
mountain,17080699,349,1
estimate,21012393,281,1
education,160577986,357,1
informed,22964309,282,1
confined,3563021,206,1
immediate,12136357,308,1
accepted,28864106,337,1
examined,21545614,309,1
formation,21461317,270,1
entirely,17010219,319,1
consisting,1237531,60,1
chemical,23744572,299,1
attempts,7624196,155,1
counties,18341816,238,1
inflation,10702480,199,1
intention,9301523,169,1
activity,48903641,322,1
drainage,12454603,212,1
patterns,20430314,264,1
posterior,6152188,189,1
requires,29385580,337,1
electric,19531792,335,1
particle,4744343,237,1
contains,17913831,342,1
doctrine,14528647,202,1
everyone,38410030,247,1
promotion,9649239,211,1
spectrum,7321846,207,1
occurred,11442627,197,1
policies,41511830,228,1
survival,8674803,213,1
concepts,18128627,212,1
computer,24403203,305,1
executed,9570546,239,1
township,6058019,206,1
atlantic,10591792,286,1
excluded,4855516,213,1
struggle,24850767,218,1
channels,11274731,228,1
colorado,12256896,301,1
attitude,12751102,223,1
property,98299990,338,1
deposits,17686409,232,1
pollution,8366048,223,1
demanded,10209324,252,1
valuable,13783012,319,1
remained,12504832,255,1
quarters,10746278,263,1
customer,9092219,239,1
imported,6528661,277,1
surprise,14812237,266,1
somewhat,8295501,295,1
merchant,7521511,240,1
enormous,4276230,325,1
consider,66985186,371,1
monitoring,13470162,255,1
parallel,14943329,318,1
magazine,11561477,306,1
absolute,9253354,315,1
coverage,13613842,202,1
adjusted,10128220,271,1
variations,10218214,182,1
veterans,8451886,208,1
resulted,1295052,118,1
possibly,23128666,371,1
projects,32920688,280,1
incident,8507147,223,1
dominant,3907194,281,1
involved,30167669,349,1
supporting,10168018,330,1
director,39582344,336,1
specific,31595273,369,1
operated,9494501,295,1
employee,24660964,258,1
incurred,5347227,145,1
relative,10874022,339,1
affected,15614625,341,1
contrast,16167895,345,1
membrane,7430451,201,1
american,104025149,391,1
scholars,13209403,210,1
vehicles,17537348,256,1
reserved,15424717,224,1
moderate,9862589,322,1
operation,69850327,351,1
acquired,10492466,296,1
platform,9577473,271,1
argument,35436776,252,1
authority,66370820,306,1
separate,22204302,380,1
included,27258949,379,1
disposal,6676925,209,1
developing,17134712,328,1
accounting,24330943,206,1
sentence,16274968,251,1
divisions,10313394,209,1
adequate,13738591,320,1
therefore,312287152,384,1
exercise,27299531,283,1
execution,11060640,217,1
machines,21904163,319,1
monetary,4160065,134,1
intended,29718032,293,1
probable,24185159,286,1
referred,11919992,188,1
agencies,34765412,254,1
washington,101586234,368,1
critical,16884706,334,1
functions,33700771,274,1
reserves,11062410,203,1
suddenly,30548416,302,1
subjects,36428015,287,1
advances,8606364,189,1
continuing,10728273,279,1
historic,4035014,288,1
publishing,6129679,248,1
answered,18934821,261,1
salaries,22032423,178,1
suggests,54228541,279,1
validity,6146963,120,1
children,168068774,377,1
opposite,16673115,351,1
ordinary,18981842,376,1
accuracy,13264960,176,1
supposed,12878519,334,1
aircraft,17300562,269,1
strategy,23723671,227,1
adjacent,3183662,299,1
contents,21177941,289,1
margaret,10845997,255,1
consumer,11593007,247,1
finished,18930991,346,1
interest,102126146,348,1
practice,63312265,367,1
engineers,23299708,274,1
elements,32996917,301,1
obviously,38516146,300,1
situated,6952227,204,1
constant,20767929,356,1
ministry,13298793,212,1
strictly,4080818,250,1
pressure,46550254,345,1
probably,70429385,384,1
essential,28046211,312,1
educated,13247774,237,1
statutes,13568626,170,1
darkness,10962028,244,1
recreation,13139197,214,1
concrete,15414701,323,1
missouri,14024649,294,1
identify,20873723,314,1
campbell,12138145,273,1
maintain,28247815,326,1
compared,110109015,259,1
emotional,7647516,271,1
cylinder,9644055,242,1
equipped,28168240,238,1
audience,15031403,265,1
combined,45131062,359,1
improved,14602925,348,1
financial,42077610,290,1
initially,14953477,269,1
possible,99703115,392,1
resource,11662876,216,1
prepared,49627425,343,1
delivery,13585090,280,1
partners,10523561,243,1
consists,2087102,90,1
regarded,8750904,256,1
criminal,32402676,254,1
containing,15939181,366,1
concerns,15972661,287,1
obtained,42521477,315,1
yourself,18367749,314,1
physical,36022596,315,1
properly,9538562,315,1
diagnosis,19038712,188,1
carriers,12379399,243,1
declared,31166698,285,1
directed,15651248,327,1
contract,81287944,317,1
literary,11189653,302,1
positions,19489486,259,1
clinical,16563557,183,1
politics,32283476,282,1
materials,80478097,343,1
editorial,8652733,241,1
potential,36899420,368,1
selected,31024040,367,1
identity,18944972,222,1
evaluate,7345949,265,1
district,48478688,345,1
transfer,25475699,328,1
australia,27311769,314,1
required,84925074,375,1
involves,4894453,293,1
wildlife,6800451,186,1
oriented,4449014,284,1
detection,9022036,201,1
retained,9008653,233,1
november,20183328,288,1
cultural,20383379,264,1
category,10809648,250,1
produces,4988419,316,1
northwest,6000952,235,1
thereafter,18199761,255,1
business,135731268,378,1
definite,7109728,310,1
presents,9696678,283,1
guidance,12996926,193,1
received,65509664,370,1
minister,40661284,279,1
languages,17566528,227,1
variables,18472969,213,1
suffered,6869782,221,1
attention,46913258,285,1
dramatic,6053436,277,1
behaviour,10616874,200,1
commerce,37169812,286,1
condition,60489326,335,1
chapters,9523607,189,1
networks,9771755,208,1
hydrogen,12032570,179,1
republic,13925988,259,1
sciences,13809478,242,1
hundreds,5787392,151,1
payments,25961548,212,1
increases,21563005,292,1
colleges,20755693,207,1
churches,16864402,247,1
injuries,9776160,202,1
modified,8686519,335,1
benefits,37606286,251,1
marshall,11331970,268,1
achieved,10444991,213,1
economic,67734475,318,1
includes,33419964,373,1
whenever,31497466,286,1
entrance,10160109,259,1
visitors,10481267,236,1
register,13321195,277,1
purposes,35672667,307,1
external,10893409,313,1
problems,92005108,331,1
governor,28858810,273,1
objection,11657975,151,1
positive,26931343,343,1
articles,30263452,281,1
compound,9334193,297,1
comprising,3752504,263,1
campaign,15690920,266,1
distinct,9363363,329,1
interval,6199501,229,1
employed,25915342,332,1
disorder,7800841,199,1
circular,8277073,299,1
extended,15710904,352,1
anderson,16811202,297,1
advanced,18081424,342,1
increased,34745816,367,1
requests,22462179,191,1
attorney,27235364,240,1
movement,41014394,334,1
resident,6537580,283,1
commonly,5176627,292,1
carolina,10786745,327,1
approach,40354299,335,1
indicate,57310028,318,1
discover,14434843,252,1
province,11785349,232,1
concerning,22940446,361,1
software,14348267,235,1
passenger,10946588,233,1
soldiers,23337649,282,1
actually,41208431,375,1
mortgage,11986650,200,1
attached,6962671,304,1
processing,18426851,307,1
eligible,18594502,179,1
evolution,10948480,186,1
continue,24166647,281,1
occupied,11770905,238,1
personal,34439171,356,1
designed,38911802,316,1
provided,209405347,368,1
lectures,12657655,188,1
domestic,23281361,336,1
lawrence,13889381,290,1
electron,12136816,173,1
servants,12329827,251,1
controls,15530790,296,1
magnetic,5755776,238,1
louisiana,10905046,264,1
rejected,9744791,291,1
scarcely,8507838,238,1
powerful,17647362,358,1
provides,67216705,337,1
internal,16527728,330,1
infection,14945654,205,1
moisture,8972682,212,1
trustees,13690844,194,1
numerous,20999797,358,1
facility,15086629,247,1
decisions,26902940,228,1
franklin,10844993,277,1
daughter,20854970,308,1
followed,36544998,334,1
proceeds,5405851,158,1
treatment,73608720,335,1
employer,24076054,221,1
database,5756781,171,1
conclude,29538812,157,1
detailed,11783115,296,1
original,29984036,387,1
engineering,32117227,308,1
happened,16084323,224,1
reported,64669892,360,1
military,35849138,354,1
thousands,8895526,197,1
negative,16678151,332,1
presence,15620783,247,1
analyses,11442206,193,1
terminal,8292723,307,1
expansion,13995972,252,1
approval,12557349,207,1
bulletin,11997692,212,1
relevant,8974293,294,1
medicine,30116320,310,1
overcome,10940433,224,1
equations,16557916,179,1
patients,100853245,289,1
proposed,39077523,368,1
composed,5752292,210,1
complete,51201013,389,1
physician,14786270,225,1
isolated,7861644,334,1
supplied,17031126,278,1
michigan,21310967,319,1
minority,5953192,212,1
slightly,8879886,281,1
suitable,39125448,347,1
cultures,10155718,218,1
elizabeth,18562477,314,1
relations,63573361,307,1
resolved,40676007,183,1
revenues,10742461,165,1
frequent,11365199,327,1
proposal,24243267,208,1
accurate,13253911,293,1
partially,3006219,237,1
december,19218851,293,1
synthesis,9212298,171,1
entitled,5415717,344,1
believes,22971810,206,1
assembly,28266793,300,1
graduate,6924442,185,1
preserve,9756789,253,1
products,66936360,353,1
progress,39988221,275,1
exception,12482007,227,1
recorded,16051403,328,1
promised,9727344,288,1
universe,8097731,212,1
mentioned,31595007,386,1
officers,72513816,297,1
provision,47470870,216,1
beautiful,24659449,374,1
saturday,11210777,232,1
conflict,30468825,226,1
selection,21758611,256,1
currency,9864835,202,1
proceeding,14065411,206,1
normally,14786399,309,1
